,Case 1,Case 2
chr000008_100000_110000,2,0
chr000008_170000_180000,6,8
chr000009_160000_170000,7,0
chr000009_1240000_1250000,5,0
chr000011_40000_50000,4,0
chr000983_30000_40000,6,5
chr000983_40000_48271,6,5
chr001832_20000_30000,11,0
chr001975_0_10000,2,5
chr002190_100000_110000,13,15
chr002190_120000_130000,10,14
chr002190_140000_150000,7,13
chr002464_0_10000,9,15
chr002613_90000_100000,9,11
chr002876_40000_48652,8,0
chr002883_20000_30000,8,9
chr002883_30000_40000,8,13
chr002883_40000_50000,5,13
chr002931_40000_50000,11,0
chr002953_10000_20000,8,16
chr002968_40000_50000,8,0
chr002979_10000_20000,5,4
chr002979_20000_30000,8,0
chr002997_30000_40000,9,9
chr003830_0_10000,12,15
chr003929_10000_20000,7,0
chr003945_130000_140000,12,13
chr003963_50000_60000,1,0
chr003968_30000_40000,13,15
chr004019_30000_40000,5,0
chr004030_0_10000,3,0
chr004078_200000_210000,12,16
chr004084_170000_180000,6,5
chr004084_190000_200000,6,4
chr004328_30000_40000,1,0
chr004459_40000_50000,3,0
chr004539_110000_120000,12,8
chr004582_30000_40000,9,6
chr004630_30000_40000,3,0
chr004691_0_10000,15,16
chr004692_80000_85761,14,16
chr004739_30000_40000,6,0
chr004742_40000_50000,5,7
chr004742_50000_60000,6,8
chr004759_20000_30000,7,14
chr004817_160000_170000,9,0
chr004837_40000_50000,12,15
chr004851_60000_70000,3,0
chr004862_0_10000,10,13
chr004931_60000_70000,4,0
chr004952_20000_26125,5,15
chr005210_0_10000,8,8
chr005210_10000_20000,10,9
chr005210_20000_30000,10,9
chr005276_0_10000,6,0
chr005371_40000_50000,1,1
chr005373_10000_19572,15,16
chr005669_0_10000,13,16
chr005673_80000_90000,8,14
chr005720_0_10000,14,0
chr005724_0_10000,9,0
chr005724_30000_40000,7,0
chr005761_0_10000,9,0
chr005945_30000_32291,4,0
chr005954_30000_40000,8,0
chr005954_40000_50000,8,0
chr005954_50000_60000,8,0
chr005954_60000_63354,5,0
chr005967_10000_20000,9,7
chr005967_20000_24382,8,7
chr006008_0_10000,5,12
chr006008_10000_20000,9,10
chr006008_30000_40000,10,0
chr006027_70000_80000,3,0
chr006098_0_10000,10,11
chr006102_0_10000,7,8
chr006138_0_9891,11,10
chr006154_0_10000,10,6
chr006289_0_10000,15,14
chr006330_20000_30000,5,12
chr006330_30000_33139,5,9
chr006418_0_10000,16,16
chr006663_30000_37384,16,16
chr006747_0_10000,5,12
chr006828_10000_20000,14,16
chr006828_20000_30000,14,16
chr006828_30000_31899,11,15
chr006858_0_5899,5,10
chr006948_10000_20000,11,11
chr007027_0_10000,11,12
chr007114_20000_24682,16,13
chr007119_0_10000,16,16
chr007119_10000_20000,16,16
chr007119_20000_24494,16,16
chr007194_0_10000,8,15
chr007194_20000_29315,8,15
chr007386_10000_20000,4,0
chr007435_180000_190000,9,15
chr007437_20000_30000,12,8
chr007437_30000_40000,12,0
chr007495_80000_90000,3,2
chr007503_30000_40000,5,5
chr007504_20000_30000,12,12
chr007504_30000_40000,13,13
chr007504_40000_50000,10,12
chr007505_30000_40000,2,0
chr007521_30000_40000,9,9
chr007523_10000_15634,13,6
chr007583_20000_30000,1,0
chr007586_30000_40000,4,6
chr007605_0_10000,4,7
chr007642_10000_20000,6,13
chr007642_20000_30000,15,16
chr007644_20000_30000,2,0
chr007701_0_6823,7,0
chr007707_20000_30000,5,7
chr007721_140000_150000,4,6
chr007768_30000_40000,7,0
chr007768_40000_50000,5,0
chr007776_0_10000,8,0
chr007787_30000_40000,4,6
chr007830_50000_60000,10,10
chr007830_60000_70000,8,10
chr007848_20000_30000,2,3
chr007928_10000_20000,13,16
chr007932_10000_20000,1,0
chr007932_20000_30000,1,0
chr007941_30000_40000,3,0
chr007959_30000_40000,8,11
chr007961_30000_40000,8,0
chr007991_40000_50000,8,0
chr008034_10000_20000,13,16
chr008069_20000_30000,7,7
chr008076_10000_20000,6,0
chr008147_40000_50000,5,11
chr008148_70000_80000,2,0
chr008209_60000_70000,1,0
chr008229_10000_20000,6,7
chr008269_0_10000,7,10
chr008403_20000_27207,11,16
chr008426_10000_20000,3,2
chr008427_50000_60000,1,7
sq0001_3630000_3640000,10,13
sq0001_3740000_3750000,6,6
sq0001_3890000_3900000,8,0
sq0001_3900000_3910000,7,0
sq0001_4680000_4690000,1,1
sq0001_5880000_5890000,5,0
sq0001_6560000_6570000,13,0
sq0001_6570000_6580000,9,0
sq0001_6830000_6840000,4,4
sq0001_7560000_7570000,8,7
sq0001_7570000_7580000,11,9
sq0001_8160000_8170000,10,0
sq0001_8550000_8560000,8,0
sq0001_9030000_9040000,10,12
sq0001_9040000_9050000,9,10
sq0001_10280000_10290000,10,12
sq0001_11920000_11930000,4,0
sq0001_12740000_12750000,7,12
sq0001_13900000_13910000,8,10
sq0001_13910000_13920000,8,10
sq0001_16750000_16760000,2,0
sq0001_16840000_16850000,7,0
sq0001_18430000_18440000,6,0
sq0001_19080000_19090000,12,0
sq0001_20460000_20470000,16,16
sq0001_22710000_22720000,6,0
sq0001_22940000_22950000,3,4
sq0001_23410000_23420000,2,0
sq0001_27100000_27110000,2,9
sq0001_27200000_27210000,4,0
sq0001_29630000_29640000,3,12
sq0002_240000_250000,4,6
sq0002_1490000_1500000,6,0
sq0002_1610000_1620000,7,0
sq0002_1620000_1630000,9,12
sq0002_1630000_1640000,8,0
sq0002_3170000_3180000,7,0
sq0002_3180000_3190000,7,0
sq0002_3240000_3250000,9,0
sq0002_3890000_3900000,7,0
sq0002_4780000_4790000,8,0
sq0002_5690000_5700000,4,0
sq0002_6030000_6040000,15,0
sq0002_6120000_6130000,15,6
sq0002_6720000_6730000,5,0
sq0002_10860000_10870000,6,0
sq0002_10960000_10970000,6,0
sq0002_11790000_11800000,7,0
sq0002_12880000_12890000,11,11
sq0002_13530000_13540000,6,8
sq0002_14070000_14080000,7,12
sq0002_15770000_15780000,2,0
sq0002_16710000_16720000,5,6
sq0002_19420000_19430000,14,8
sq0002_21990000_22000000,3,0
sq0002_22000000_22010000,7,0
sq0002_23730000_23740000,3,0
sq0002_24120000_24130000,4,4
sq0002_24390000_24400000,3,0
sq0002_26450000_26460000,13,0
sq0002_26620000_26630000,9,0
sq0002_26810000_26820000,7,10
sq0002_26870000_26880000,8,14
sq0002_28020000_28030000,3,6
sq0002_28860000_28870000,8,9
sq0002_28920000_28930000,7,5
sq0002_29390000_29400000,2,2
sq0002_30120000_30130000,3,0
sq0002_30150000_30160000,9,0
sq0002_30550000_30560000,8,0
sq0002_30560000_30570000,10,0
sq0002_31820000_31830000,5,5
sq0002_31940000_31950000,7,5
sq0002_31960000_31970000,1,0
sq0002_34090000_34100000,1,2
sq0002_34140000_34150000,2,3
sq0002_36160000_36170000,9,0
sq0002_37520000_37530000,1,2
sq0002_37530000_37540000,1,2
sq0002_40910000_40920000,15,0
sq0003_5420000_5430000,15,15
sq0003_9310000_9320000,11,0
sq0003_9960000_9970000,11,0
sq0003_10350000_10360000,5,5
sq0003_10360000_10370000,3,5
sq0003_10600000_10610000,3,10
sq0003_12530000_12540000,5,11
sq0003_12710000_12720000,13,0
sq0003_14020000_14030000,12,11
sq0003_14030000_14040000,13,12
sq0003_14300000_14310000,8,0
sq0003_16110000_16120000,3,0
sq0003_16540000_16550000,14,15
sq0003_17280000_17290000,2,0
sq0003_24720000_24730000,1,0
sq0003_24900000_24910000,5,13
sq0003_28390000_28400000,13,0
sq0003_28590000_28600000,11,0
sq0003_28930000_28940000,4,0
sq0003_29420000_29430000,5,0
sq0003_29760000_29770000,8,0
sq0003_30280000_30290000,5,0
sq0003_32700000_32710000,8,7
sq0003_34720000_34730000,10,0
sq0003_37600000_37610000,9,0
sq0003_37750000_37760000,14,14
sq0003_38240000_38250000,13,14
sq0003_39290000_39300000,10,0
sq0003_43190000_43200000,11,12
sq0003_43240000_43250000,9,11
sq0003_43750000_43760000,7,0
sq0003_46250000_46260000,10,0
sq0003_49170000_49180000,7,0
sq0003_49730000_49740000,9,0
sq0003_49740000_49750000,8,0
sq0003_49750000_49760000,8,0
sq0003_49850000_49860000,1,0
sq0003_49880000_49890000,11,0
sq0003_49890000_49900000,14,0
sq0003_49900000_49910000,14,4
sq0003_50040000_50050000,10,0
sq0003_50080000_50090000,6,0
sq0003_50090000_50100000,6,11
sq0003_50100000_50110000,8,12
sq0003_52900000_52910000,7,9
sq0003_55090000_55100000,9,9
sq0003_57740000_57750000,2,0
sq0003_58180000_58190000,10,0
sq0004_150000_160000,5,0
sq0004_6970000_6980000,6,9
sq0004_7650000_7660000,5,9
sq0004_9920000_9930000,15,16
sq0004_12910000_12920000,14,10
sq0004_12920000_12930000,16,9
sq0004_12930000_12940000,12,0
sq0004_21700000_21710000,10,0
sq0004_23360000_23370000,7,0
sq0004_23700000_23710000,10,0
sq0004_27570000_27580000,12,0
sq0004_27580000_27590000,12,0
sq0004_27590000_27600000,12,0
sq0004_27610000_27620000,16,0
sq0004_27770000_27780000,7,0
sq0004_27960000_27970000,6,0
sq0004_28380000_28390000,4,0
sq0004_31130000_31140000,15,0
sq0004_31140000_31150000,12,8
sq0004_31280000_31290000,14,0
sq0004_31290000_31300000,12,0
sq0004_31490000_31500000,8,5
sq0004_32140000_32150000,7,11
sq0004_32860000_32870000,8,13
sq0004_33010000_33020000,7,0
sq0004_34060000_34070000,16,16
sq0004_37290000_37300000,2,0
sq0004_37420000_37430000,5,9
sq0004_41530000_41540000,12,15
sq0004_42380000_42390000,7,7
sq0004_43510000_43520000,4,0
sq0004_45470000_45480000,5,7
sq0004_46510000_46520000,11,0
sq0004_47450000_47460000,8,0
sq0004_47460000_47470000,2,0
sq0004_47850000_47860000,5,0
sq0004_48050000_48060000,14,15
sq0004_49220000_49230000,4,7
sq0004_49260000_49270000,7,9
sq0004_49350000_49360000,9,14
sq0004_50430000_50440000,6,0
sq0004_52790000_52800000,3,0
sq0004_53100000_53110000,4,0
sq0004_54230000_54240000,7,11
sq0004_54710000_54720000,13,16
sq0004_55010000_55020000,7,0
sq0004_55530000_55540000,7,0
sq0004_57420000_57430000,5,0
sq0004_58160000_58170000,10,0
sq0004_58800000_58810000,4,10
sq0004_60030000_60040000,3,1
sq0005_1790000_1800000,3,6
sq0005_1800000_1810000,4,7
sq0005_1810000_1820000,4,7
sq0005_1820000_1830000,3,6
sq0005_4130000_4140000,4,8
sq0005_6450000_6460000,13,0
sq0005_6480000_6490000,12,0
sq0005_7100000_7110000,5,0
sq0005_10210000_10220000,11,0
sq0005_10760000_10770000,4,7
sq0005_14800000_14810000,11,0
sq0005_18670000_18680000,8,10
sq0005_22930000_22940000,11,12
sq0005_25680000_25690000,4,0
sq0005_26200000_26210000,1,2
sq0005_26970000_26980000,16,14
sq0005_28320000_28330000,5,5
sq0005_28890000_28900000,6,0
sq0005_28950000_28960000,8,0
sq0005_29630000_29640000,3,4
sq0005_30800000_30810000,7,0
sq0006_1010000_1020000,1,0
sq0006_1340000_1350000,4,0
sq0006_1360000_1370000,4,0
sq0006_3970000_3980000,8,8
sq0006_5810000_5820000,10,12
sq0006_5820000_5830000,8,9
sq0006_5830000_5840000,11,11
sq0006_6710000_6720000,6,0
sq0006_6740000_6750000,10,9
sq0006_6760000_6770000,9,0
sq0006_6790000_6800000,6,8
sq0006_6800000_6810000,10,11
sq0006_7950000_7960000,11,0
sq0006_11600000_11610000,14,0
sq0006_12420000_12430000,6,0
sq0006_12450000_12460000,10,0
sq0006_12600000_12610000,6,8
sq0006_12610000_12620000,6,9
sq0006_13470000_13480000,8,12
sq0006_13920000_13930000,11,0
sq0006_14930000_14940000,12,0
sq0006_14960000_14970000,10,0
sq0006_15530000_15540000,3,12
sq0006_16540000_16550000,5,0
sq0006_16560000_16570000,5,0
sq0006_18030000_18040000,6,0
sq0006_21120000_21130000,10,0
sq0006_21300000_21310000,11,12
sq0006_21310000_21320000,15,15
sq0006_25010000_25020000,13,15
sq0006_25610000_25620000,7,0
sq0006_26030000_26040000,10,0
sq0006_26040000_26050000,12,0
sq0006_27330000_27340000,12,0
sq0006_27540000_27550000,7,0
sq0006_30190000_30200000,4,0
sq0006_32170000_32180000,5,7
sq0006_32400000_32410000,6,0
sq0006_33720000_33730000,7,0
sq0006_33770000_33780000,9,0
sq0006_34850000_34860000,14,7
sq0006_34920000_34930000,11,14
sq0006_34960000_34970000,12,12
sq0006_36240000_36250000,12,0
sq0007_420000_430000,6,0
sq0007_4000000_4010000,12,13
sq0007_6080000_6090000,1,0
sq0007_6510000_6520000,1,4
sq0007_6520000_6530000,1,4
sq0007_6590000_6600000,5,8
sq0007_9210000_9220000,15,16
sq0007_10830000_10840000,6,11
sq0007_10840000_10850000,2,2
sq0007_12580000_12590000,11,8
sq0007_12590000_12600000,14,10
sq0007_12740000_12750000,5,0
sq0007_12750000_12760000,12,11
sq0007_12760000_12770000,6,5
sq0007_12900000_12910000,10,2
sq0007_13540000_13550000,10,0
sq0007_15170000_15180000,7,0
sq0007_21450000_21460000,4,0
sq0007_21460000_21470000,1,0
sq0007_22660000_22670000,1,0
sq0007_22670000_22680000,2,0
sq0007_22740000_22750000,2,6
sq0007_22790000_22800000,6,0
sq0007_24530000_24540000,9,13
sq0007_24590000_24600000,12,15
sq0007_24600000_24610000,7,14
sq0007_24620000_24630000,7,15
sq0007_24630000_24640000,9,13
sq0007_24640000_24650000,8,15
sq0007_24650000_24660000,6,13
sq0007_25170000_25180000,9,0
sq0007_25230000_25240000,6,0
sq0007_25970000_25980000,7,0
sq0007_26270000_26280000,15,16
sq0007_26280000_26290000,15,16
sq0007_26290000_26300000,15,16
sq0007_26300000_26310000,15,16
sq0007_26310000_26320000,11,16
sq0007_26320000_26330000,15,16
sq0007_26330000_26340000,15,16
sq0007_26340000_26350000,15,16
sq0007_26350000_26360000,13,16
sq0007_26370000_26380000,13,16
sq0007_26450000_26460000,12,16
sq0007_26460000_26470000,13,16
sq0007_26470000_26480000,11,16
sq0007_27910000_27920000,7,10
sq0007_27920000_27930000,8,13
sq0007_27930000_27940000,4,3
sq0007_28940000_28950000,7,0
sq0007_29500000_29510000,4,2
sq0008_3040000_3050000,3,0
sq0008_5310000_5320000,4,4
sq0008_8550000_8560000,1,0
sq0008_10240000_10250000,4,0
sq0008_12810000_12820000,5,2
sq0008_13790000_13800000,13,15
sq0008_14050000_14060000,2,4
sq0008_19920000_19930000,2,0
sq0008_22900000_22910000,4,8
sq0008_28120000_28130000,4,3
sq0008_28130000_28140000,4,3
sq0008_28980000_28990000,4,6
sq0008_29020000_29030000,4,0
sq0008_29120000_29130000,7,0
sq0009_660000_670000,12,0
sq0009_690000_700000,11,0
sq0009_710000_720000,11,0
sq0009_1080000_1090000,6,0
sq0009_1830000_1840000,5,7
sq0009_8450000_8460000,9,15
sq0009_9060000_9070000,15,16
sq0009_9480000_9490000,12,0
sq0009_9750000_9760000,12,0
sq0009_10340000_10350000,7,0
sq0009_12410000_12420000,10,0
sq0009_18190000_18200000,8,6
sq0009_18260000_18270000,3,0
sq0009_19280000_19290000,4,7
sq0009_19290000_19300000,8,0
sq0009_19780000_19790000,6,11
sq0009_19790000_19800000,2,0
sq0009_20510000_20520000,9,9
sq0009_21330000_21340000,2,9
sq0009_21610000_21620000,7,13
sq0009_21840000_21850000,6,0
sq0009_22450000_22460000,3,0
sq0009_22520000_22530000,5,6
sq0009_22950000_22960000,10,0
sq0009_23960000_23970000,11,0
sq0009_23970000_23980000,13,0
sq0009_24030000_24040000,4,0
sq0009_24560000_24570000,9,7
sq0009_25420000_25430000,6,4
sq0009_29060000_29070000,9,11
sq0009_32460000_32470000,6,0
sq0010_810000_820000,6,0
sq0010_820000_830000,14,0
sq0010_850000_860000,8,0
sq0010_890000_900000,15,0
sq0010_910000_920000,14,0
sq0010_1810000_1820000,5,10
sq0010_2070000_2080000,13,0
sq0010_4150000_4160000,6,0
sq0010_4750000_4760000,6,0
sq0010_4980000_4990000,15,12
sq0010_4990000_5000000,8,8
sq0010_7720000_7730000,12,14
sq0010_7730000_7740000,14,16
sq0010_7740000_7750000,16,16
sq0010_7750000_7760000,11,14
sq0010_8440000_8450000,6,0
sq0010_8740000_8750000,8,15
sq0010_8770000_8780000,8,11
sq0010_11450000_11460000,4,0
sq0010_11860000_11870000,15,14
sq0010_11910000_11920000,7,9
sq0010_12470000_12480000,13,12
sq0010_12480000_12490000,9,8
sq0010_12980000_12990000,6,0
sq0010_16880000_16890000,4,0
sq0010_18000000_18010000,9,0
sq0010_22360000_22370000,9,0
sq0010_22820000_22830000,7,13
sq0010_23120000_23130000,7,0
sq0010_23130000_23140000,4,0
sq0010_23750000_23760000,7,0
sq0010_24050000_24060000,10,0
sq0010_25340000_25350000,13,0
sq0010_26270000_26280000,14,5
sq0010_26810000_26820000,9,12
sq0010_27100000_27110000,9,12
sq0010_27310000_27320000,7,11
sq0010_27320000_27330000,7,0
sq0010_28360000_28370000,8,0
sq0010_28410000_28420000,8,5
sq0010_28430000_28440000,7,2
sq0010_28780000_28790000,15,0
sq0010_30420000_30430000,11,15
sq0010_36170000_36180000,6,0
sq0011_340000_350000,2,3
sq0011_1510000_1520000,5,0
sq0011_5970000_5980000,2,7
sq0011_8390000_8400000,5,3
sq0011_10540000_10550000,5,10
sq0011_10550000_10560000,5,10
sq0011_11710000_11720000,8,9
sq0011_11720000_11730000,7,0
sq0011_12920000_12930000,13,13
sq0011_13240000_13250000,5,0
sq0011_14120000_14130000,4,0
sq0011_15090000_15100000,13,0
sq0011_15440000_15450000,6,0
sq0011_15610000_15620000,12,0
sq0011_15630000_15640000,11,0
sq0011_17310000_17320000,11,0
sq0011_17320000_17330000,11,0
sq0011_18410000_18420000,4,8
sq0011_19220000_19230000,6,0
sq0011_21530000_21540000,5,7
sq0011_21540000_21550000,4,12
sq0011_21550000_21560000,3,0
sq0011_21600000_21610000,9,0
sq0011_23770000_23780000,4,13
sq0011_24270000_24280000,2,0
sq0011_29590000_29600000,7,0
sq0011_31380000_31390000,7,0
sq0011_31430000_31440000,6,14
sq0011_31890000_31900000,13,15
sq0011_31900000_31910000,14,15
sq0011_31910000_31920000,12,15
sq0011_32920000_32930000,8,11
sq0011_33830000_33840000,7,5
sq0011_34310000_34320000,2,7
sq0011_34400000_34410000,10,15
sq0011_34420000_34430000,3,0
sq0011_34430000_34440000,3,0
sq0011_34630000_34640000,5,0
sq0011_34810000_34820000,10,0
sq0011_35470000_35480000,5,10
sq0011_35540000_35550000,1,0
sq0011_35700000_35710000,16,0
sq0011_35730000_35740000,5,0
sq0011_36600000_36610000,9,11
sq0011_37940000_37950000,4,8
sq0011_38710000_38720000,4,0
sq0011_38920000_38930000,5,5
sq0011_39460000_39470000,6,6
sq0012_8210000_8220000,10,8
sq0012_9490000_9500000,5,0
sq0012_10180000_10190000,15,0
sq0012_10800000_10810000,9,0
sq0012_11730000_11740000,1,1
sq0012_13520000_13530000,3,0
sq0012_16930000_16940000,7,0
sq0012_16940000_16950000,8,0
sq0012_16960000_16970000,9,0
sq0012_16970000_16980000,5,0
sq0012_16980000_16990000,12,0
sq0012_17290000_17300000,11,0
sq0012_17400000_17410000,13,0
sq0012_17440000_17450000,12,0
sq0012_17630000_17640000,9,11
sq0012_18300000_18310000,3,0
sq0012_25830000_25840000,15,16
sq0012_28680000_28690000,3,7
sq0012_28740000_28750000,6,3
sq0012_29060000_29070000,12,6
sq0012_32020000_32030000,10,14
sq0012_33510000_33520000,10,14
sq0012_33520000_33530000,9,14
sq0012_34330000_34340000,5,12
sq0012_37630000_37640000,8,0
sq0012_40210000_40220000,7,0
sq0012_42220000_42230000,2,0
sq0012_43790000_43800000,7,11
sq0012_43800000_43810000,5,10
sq0012_43810000_43820000,10,12
sq0012_43820000_43830000,8,13
sq0012_44580000_44590000,10,0
sq0012_44860000_44870000,13,0
sq0012_44970000_44980000,12,0
sq0012_45070000_45080000,8,0
sq0012_45100000_45110000,7,0
sq0012_45720000_45730000,4,0
sq0012_46110000_46120000,3,0
sq0012_46740000_46750000,6,0
sq0013_9250000_9260000,5,0
sq0013_13010000_13020000,6,9
sq0013_13020000_13030000,6,13
sq0013_13030000_13040000,7,13
sq0013_15180000_15190000,8,0
sq0013_18340000_18350000,9,0
sq0013_19270000_19280000,7,0
sq0013_19790000_19800000,6,0
sq0013_19940000_19950000,3,0
sq0013_20760000_20770000,7,0
sq0013_21110000_21120000,4,0
sq0013_22400000_22410000,2,9
sq0013_23780000_23790000,1,0
sq0013_25430000_25440000,4,0
sq0013_26910000_26920000,13,16
sq0013_27280000_27290000,3,0
sq0013_28670000_28680000,5,11
sq0013_30050000_30060000,6,11
sq0014_80000_90000,12,11
sq0014_380000_390000,10,0
sq0014_480000_490000,8,9
sq0014_1030000_1040000,9,0
sq0014_5470000_5480000,2,8
sq0014_5480000_5490000,2,8
sq0014_10310000_10320000,10,0
sq0014_12620000_12630000,6,6
sq0014_14290000_14300000,11,0
sq0014_14500000_14510000,16,0
sq0014_14960000_14970000,7,0
sq0014_15190000_15200000,9,8
sq0014_15210000_15220000,9,12
sq0014_15230000_15240000,10,0
sq0014_15760000_15770000,8,0
sq0014_15930000_15940000,15,16
sq0014_16070000_16080000,7,0
sq0014_16100000_16110000,2,0
sq0014_17020000_17030000,1,0
sq0014_17450000_17460000,4,0
sq0014_18400000_18410000,13,0
sq0014_20990000_21000000,9,10
sq0014_21300000_21310000,8,0
sq0014_22060000_22070000,5,8
sq0014_22760000_22770000,3,0
sq0014_22870000_22880000,4,0
sq0014_23170000_23180000,8,0
sq0014_23710000_23720000,5,0
sq0014_23770000_23780000,8,0
sq0014_24390000_24400000,5,3
sq0014_24400000_24410000,3,2
sq0014_25720000_25730000,4,0
sq0014_27360000_27370000,14,0
sq0014_28280000_28290000,12,0
sq0014_29770000_29780000,4,0
sq0014_29860000_29870000,8,0
sq0014_30530000_30540000,8,12
sq0014_31800000_31810000,7,0
sq0014_31880000_31890000,7,0
sq0014_32250000_32260000,6,0
sq0014_32260000_32270000,5,0
sq0015_480000_490000,8,0
sq0015_2110000_2120000,6,0
sq0015_2280000_2290000,12,0
sq0015_3110000_3120000,14,16
sq0015_3400000_3410000,12,0
sq0015_3660000_3670000,13,0
sq0015_4040000_4050000,11,7
sq0015_4790000_4800000,10,0
sq0015_7630000_7640000,9,6
sq0015_9230000_9240000,7,14
sq0015_9370000_9380000,8,12
sq0015_9380000_9390000,8,11
sq0015_9800000_9810000,5,4
sq0015_11660000_11670000,3,6
sq0015_13780000_13790000,9,11
sq0015_13790000_13800000,11,12
sq0015_14580000_14590000,9,9
sq0015_18790000_18800000,9,10
sq0015_18910000_18920000,6,5
sq0015_19340000_19350000,13,13
sq0015_19480000_19490000,4,5
sq0015_19720000_19730000,10,0
sq0015_20110000_20120000,4,0
sq0015_20460000_20470000,11,12
sq0015_21670000_21680000,15,7
sq0015_21900000_21910000,6,0
sq0015_22510000_22520000,5,0
sq0015_23750000_23760000,3,0
sq0015_28180000_28190000,2,0
sq0015_28200000_28210000,3,5
sq0016_3920000_3930000,6,0
sq0016_3970000_3980000,6,0
sq0016_4240000_4250000,4,6
sq0016_6300000_6310000,10,0
sq0016_7060000_7070000,4,11
sq0016_9680000_9690000,3,11
sq0016_11630000_11640000,2,0
sq0016_13750000_13760000,8,0
sq0016_15470000_15480000,7,0
sq0016_16890000_16900000,4,0
sq0016_18850000_18860000,6,10
sq0016_18870000_18880000,6,11
sq0016_18980000_18990000,11,0
sq0016_19420000_19430000,7,8
sq0016_20700000_20710000,4,7
sq0016_20810000_20820000,12,0
sq0016_21000000_21010000,5,5
sq0016_22400000_22410000,7,0
sq0016_23690000_23700000,8,12
sq0016_24140000_24150000,8,13
sq0016_24240000_24250000,4,5
sq0016_24260000_24270000,9,0
sq0016_26190000_26200000,11,0
sq0016_26420000_26430000,2,2
sq0016_26430000_26440000,5,5
sq0016_26500000_26510000,2,2
sq0016_27350000_27360000,2,12
sq0016_30000000_30010000,1,3
sq0016_30200000_30210000,7,0
sq0016_30380000_30390000,6,12
sq0016_32050000_32060000,8,8
sq0016_34600000_34610000,8,6
sq0017_4070000_4080000,9,0
sq0017_9480000_9490000,3,4
sq0017_11690000_11700000,1,0
sq0017_13730000_13740000,9,0
sq0017_15040000_15050000,8,0
sq0017_15050000_15060000,9,0
sq0017_15460000_15470000,5,0
sq0017_15790000_15800000,9,0
sq0017_15840000_15850000,8,0
sq0017_16350000_16360000,11,0
sq0017_16360000_16370000,15,0
sq0017_16700000_16710000,2,0
sq0018_550000_560000,10,2
sq0018_710000_720000,8,0
sq0018_880000_890000,3,13
sq0018_990000_1000000,9,0
sq0018_2760000_2770000,5,0
sq0018_3050000_3060000,5,0
sq0018_3440000_3450000,11,0
sq0018_3970000_3980000,6,8
sq0018_5790000_5800000,6,0
sq0018_5900000_5910000,8,0
sq0018_5910000_5920000,11,0
sq0018_9380000_9390000,6,15
sq0018_10080000_10090000,5,7
sq0018_10220000_10230000,1,5
sq0018_11490000_11500000,4,0
sq0018_11500000_11510000,4,0
sq0018_11980000_11990000,3,6
sq0018_12500000_12510000,6,0
sq0018_15360000_15370000,10,8
sq0018_20670000_20680000,11,0
sq0018_20680000_20690000,3,0
sq0018_20700000_20710000,11,0
sq0018_23250000_23260000,4,0
sq0018_24290000_24300000,7,0
sq0018_24310000_24320000,8,0
sq0018_24620000_24630000,6,7
sq0018_24630000_24640000,15,10
sq0018_24770000_24780000,4,0
sq0018_25110000_25120000,3,6
sq0018_25130000_25140000,5,0
sq0018_25970000_25980000,5,0
sq0018_26040000_26050000,5,0
sq0018_26400000_26410000,4,0
sq0018_26430000_26440000,6,0
sq0018_28380000_28390000,11,0
sq0018_30990000_31000000,11,10
sq0019_4380000_4390000,3,2
sq0019_8690000_8700000,6,0
sq0019_9120000_9130000,4,7
sq0019_9850000_9860000,4,0
sq0019_10120000_10130000,13,15
sq0019_10850000_10860000,12,0
sq0019_10900000_10910000,6,0
sq0019_10970000_10980000,6,0
sq0019_11660000_11670000,5,0
sq0019_11690000_11700000,13,5
sq0019_11790000_11800000,8,9
sq0019_11810000_11820000,10,9
sq0019_11990000_12000000,7,7
sq0019_12860000_12870000,4,0
sq0019_14700000_14710000,10,7
sq0019_15490000_15500000,9,0
sq0019_17020000_17030000,15,7
sq0019_18340000_18350000,2,0
sq0019_20690000_20700000,15,12
sq0019_20960000_20970000,7,6
sq0019_21290000_21300000,4,11
sq0019_21310000_21320000,3,0
sq0019_22170000_22180000,4,0
sq0019_23250000_23260000,6,0
sq0019_23550000_23560000,9,0
sq0019_24460000_24470000,6,0
sq0019_24720000_24730000,5,0
sq0019_25310000_25320000,10,12
sq0019_26030000_26040000,10,0
sq0019_26070000_26080000,9,0
sq0019_26110000_26120000,6,0
sq0020_530000_540000,4,3
sq0020_2250000_2260000,1,0
sq0020_4900000_4910000,8,0
sq0020_5990000_6000000,2,2
sq0020_6830000_6840000,12,0
sq0020_8060000_8070000,9,0
sq0020_8670000_8680000,2,5
sq0020_8900000_8910000,11,9
sq0020_10480000_10490000,8,14
sq0020_11000000_11010000,10,0
sq0020_11010000_11020000,12,0
sq0020_11670000_11680000,5,10
sq0020_12000000_12010000,1,1
sq0020_12310000_12320000,1,1
sq0020_12810000_12820000,6,0
sq0020_13190000_13200000,6,0
sq0020_13560000_13570000,3,0
sq0020_14330000_14340000,14,15
sq0020_15670000_15680000,2,4
sq0020_15680000_15690000,2,4
sq0020_16020000_16030000,2,0
sq0020_17400000_17410000,1,0
sq0020_19110000_19120000,2,4
sq0020_19250000_19260000,7,9
sq0020_19560000_19570000,11,11
sq0020_19960000_19970000,11,8
sq0020_20180000_20190000,13,0
sq0020_23930000_23940000,1,3
sq0020_23940000_23950000,3,3
sq0020_23950000_23960000,3,4
sq0020_24890000_24900000,8,14
sq0020_24990000_25000000,5,9
sq0020_27360000_27370000,10,0
sq0020_27910000_27920000,8,15
sq0020_28050000_28060000,8,12
sq0020_31060000_31070000,5,5
sq0021_100000_110000,15,14
sq0021_1230000_1240000,15,13
sq0021_1260000_1270000,14,13
sq0021_1270000_1280000,6,13
sq0021_2070000_2080000,3,0
sq0021_3110000_3120000,8,6
sq0021_3430000_3440000,7,12
sq0021_3450000_3460000,6,0
sq0021_4090000_4100000,13,0
sq0021_4100000_4110000,6,0
sq0021_5000000_5010000,7,0
sq0021_5160000_5170000,7,0
sq0021_5520000_5530000,7,0
sq0021_6880000_6890000,6,0
sq0021_7250000_7260000,4,6
sq0021_7560000_7570000,6,0
sq0021_8480000_8490000,11,0
sq0021_9070000_9080000,3,4
sq0021_10540000_10550000,8,0
sq0021_12450000_12460000,16,16
sq0021_16290000_16300000,4,0
sq0021_16870000_16880000,3,6
sq0021_17500000_17510000,9,0
sq0021_17700000_17710000,10,0
sq0021_19120000_19130000,4,0
sq0021_21440000_21450000,5,0
sq0021_22260000_22270000,3,4
sq0021_23110000_23120000,8,12
sq0022_940000_950000,2,0
sq0022_950000_960000,2,0
sq0022_1750000_1760000,7,0
sq0022_3120000_3130000,13,15
sq0022_3200000_3210000,11,13
sq0022_6810000_6820000,7,0
sq0022_6840000_6850000,9,10
sq0022_7620000_7630000,3,0
sq0022_7910000_7920000,3,0
sq0022_11130000_11140000,7,14
sq0022_11140000_11150000,10,14
sq0022_13420000_13430000,1,4
sq0022_14720000_14730000,11,0
sq0022_14790000_14800000,3,8
sq0022_14800000_14810000,7,12
sq0022_15000000_15010000,11,14
sq0022_15010000_15020000,5,10
sq0022_17220000_17230000,4,0
sq0022_17820000_17830000,4,0
sq0022_18540000_18550000,2,12
sq0022_19200000_19210000,5,0
sq0022_19940000_19950000,3,0
sq0022_19960000_19970000,1,10
sq0022_20030000_20040000,3,0
sq0022_20040000_20050000,3,5
sq0022_20310000_20320000,3,11
sq0022_20330000_20340000,5,9
sq0022_21420000_21430000,6,0
sq0022_22360000_22370000,2,0
sq0022_22370000_22380000,10,0
sq0022_23170000_23180000,6,0
sq0022_28310000_28320000,2,10
sq0022_31250000_31260000,6,0
sq0022_31350000_31360000,6,0
sq0022_31500000_31510000,3,0
sq0022_31790000_31800000,3,5
chr000004_20000_30000,0,11
chr000004_30000_40000,0,6
chr000009_560000_570000,0,10
chr000009_880000_890000,0,10
chr000009_1400000_1410000,0,6
chr001080_20000_30000,0,2
chr001975_10000_16348,0,3
chr002078_30000_40000,0,9
chr002078_150000_160000,0,8
chr002190_110000_120000,0,3
chr002499_10000_20000,0,10
chr002851_30000_40000,0,4
chr002891_70000_80000,0,3
chr002891_80000_90000,0,2
chr002898_50000_60000,0,4
chr002901_100000_110000,0,4
chr002901_420000_430000,0,5
chr002901_450000_460000,0,8
chr002904_30000_40000,0,9
chr002938_50000_60000,0,5
chr002947_20000_30000,0,4
chr002947_30000_40000,0,11
chr002953_0_10000,0,14
chr002954_20000_30000,0,12
chr002963_10000_20000,0,8
chr002971_50000_60000,0,6
chr002978_110000_120000,0,5
chr002987_20000_30000,0,7
chr002987_80000_90000,0,6
chr002990_50000_60000,0,11
chr002994_0_10000,0,11
chr002997_80000_90000,0,12
chr003186_10000_17961,0,3
chr003922_50000_60000,0,12
chr003923_40000_50000,0,9
chr003926_120000_130000,0,10
chr003930_100000_110000,0,10
chr003931_70000_80000,0,9
chr003931_90000_100000,0,7
chr003934_120000_130000,0,4
chr003944_30000_40000,0,11
chr003945_10000_20000,0,2
chr003948_0_10000,0,7
chr003948_30000_40000,0,1
chr003948_70000_80000,0,8
chr003949_60000_70000,0,5
chr003957_100000_110000,0,11
chr003959_30000_40000,0,8
chr003960_10000_20000,0,9
chr003960_30000_40000,0,3
chr003967_0_10000,0,12
chr003973_0_10000,0,5
chr003979_30000_40000,0,3
chr003986_250000_260000,0,14
chr003990_30000_40000,0,3
chr003991_10000_20000,0,1
chr003994_90000_100000,0,5
chr003996_0_10000,0,5
chr004005_180000_190000,0,8
chr004015_80000_90000,0,7
chr004029_30000_40000,0,7
chr004029_50000_60000,0,8
chr004029_60000_70000,0,8
chr004054_20000_30000,0,6
chr004062_20000_30000,0,3
chr004065_40000_50000,0,7
chr004077_100000_110000,0,15
chr004081_10000_20000,0,10
chr004083_240000_250000,0,11
chr004198_90000_96145,0,5
chr004304_0_10000,0,12
chr004304_100000_110000,0,5
chr004407_10000_20000,0,9
chr004417_70000_80000,0,11
chr004417_80000_90000,0,10
chr004417_90000_97137,0,10
chr004457_100000_102302,0,12
chr004536_100000_106556,0,7
chr004537_10000_20000,0,9
chr004540_10000_20000,0,4
chr004542_10000_20000,0,4
chr004547_0_10000,0,2
chr004577_0_10000,0,8
chr004599_40000_50000,0,5
chr004626_20000_30000,0,4
chr004633_90000_100000,0,5
chr004638_10000_20000,0,9
chr004638_20000_30000,0,13
chr004644_50000_60000,0,10
chr004692_50000_60000,0,8
chr004692_70000_80000,0,6
chr004722_80000_90000,0,2
chr004727_140000_150000,0,6
chr004739_10000_20000,0,5
chr004739_120000_130000,0,10
chr004757_20000_30000,0,6
chr004759_10000_20000,0,10
chr004759_30000_34932,0,10
chr004775_70000_80000,0,13
chr004775_110000_120000,0,3
chr004775_120000_130000,0,4
chr004797_70000_80000,0,7
chr004820_40000_50000,0,6
chr004822_80000_90000,0,2
chr004827_50000_60000,0,1
chr004830_50000_60000,0,3
chr004831_10000_20000,0,7
chr004847_0_10000,0,15
chr004847_10000_20000,0,13
chr004862_30000_40000,0,13
chr004874_20000_30000,0,6
chr004879_20000_30000,0,9
chr004879_30000_40000,0,4
chr004894_30000_40000,0,7
chr004914_20000_30000,0,5
chr004918_40000_50000,0,9
chr004918_60000_70000,0,7
chr004921_90000_98951,0,12
chr004925_20000_30000,0,13
chr004926_120000_130000,0,5
chr004931_100000_110000,0,6
chr004931_110000_120000,0,8
chr004931_120000_130000,0,4
chr004931_130000_140000,0,4
chr004952_10000_20000,0,14
chr004964_80000_90000,0,4
chr004964_90000_100000,0,5
chr005076_0_10000,0,9
chr005239_20000_30000,0,1
chr005297_20000_30000,0,11
chr005343_0_10000,0,9
chr005381_10000_20000,0,3
chr005381_40000_50000,0,6
chr005383_60000_70000,0,6
chr005514_0_10000,0,13
chr005571_80000_90000,0,6
chr005609_0_10000,0,3
chr005635_0_10000,0,14
chr005635_10000_20000,0,13
chr005635_20000_30000,0,12
chr005635_30000_40000,0,13
chr005642_10000_20000,0,8
chr005646_30000_40000,0,6
chr005647_0_10000,0,5
chr005647_10000_20000,0,5
chr005647_20000_30000,0,8
chr005658_180000_190000,0,9
chr005665_80000_90000,0,5
chr005667_60000_70000,0,16
chr005672_110000_120000,0,2
chr005677_20000_30000,0,3
chr005695_70000_80000,0,10
chr005699_60000_70000,0,14
chr005704_30000_40000,0,1
chr005720_10000_20000,0,14
chr005743_0_10000,0,6
chr005743_10000_20000,0,5
chr005778_10000_20000,0,11
chr005781_10000_20000,0,4
chr005784_60000_70000,0,8
chr005801_110000_120000,0,7
chr005836_30000_40000,0,2
chr005838_30000_40000,0,5
chr005840_110000_120000,0,8
chr005850_90000_100000,0,5
chr005859_0_10000,0,9
chr005859_10000_20000,0,8
chr006006_50000_60000,0,9
chr006029_10000_20000,0,13
chr006030_10000_20000,0,12
chr006032_20000_30000,0,5
chr006051_20000_30000,0,5
chr006056_0_10000,0,9
chr006061_30000_40000,0,6
chr006079_10000_20000,0,7
chr006085_0_10000,0,11
chr006243_10000_20000,0,6
chr006335_10000_20000,0,16
chr006335_30000_40000,0,1
chr006368_40000_47799,0,5
chr006510_40000_46848,0,4
chr006513_10000_20000,0,5
chr006542_30000_40000,0,2
chr006549_10000_20000,0,2
chr006667_0_10000,0,2
chr006723_0_10000,0,13
chr006823_0_10000,0,8
chr006823_20000_30000,0,6
chr006828_0_10000,0,15
chr006855_0_10000,0,15
chr006899_0_10000,0,7
chr006944_0_10000,0,8
chr006944_10000_20000,0,6
chr006964_10000_20000,0,5
chr007026_0_10000,0,9
chr007026_10000_20000,0,10
chr007033_0_10000,0,16
chr007033_10000_20000,0,16
chr007194_10000_20000,0,14
chr007202_10000_20000,0,2
chr007215_20000_22564,0,7
chr007274_20000_27487,0,4
chr007331_0_10000,0,4
chr007396_110000_120000,0,10
chr007435_50000_60000,0,10
chr007435_190000_200000,0,12
chr007451_20000_30000,0,8
chr007457_60000_70000,0,6
chr007480_10000_20000,0,8
chr007501_40000_50000,0,4
chr007504_50000_60000,0,7
chr007509_0_10000,0,16
chr007509_10000_20000,0,16
chr007548_40000_50000,0,7
chr007548_60000_70000,0,12
chr007557_0_10000,0,7
chr007561_140000_150000,0,12
chr007579_20000_30000,0,8
chr007584_10000_20000,0,6
chr007619_70000_80000,0,11
chr007626_80000_90000,0,7
chr007627_80000_90000,0,4
chr007630_20000_30000,0,14
chr007632_30000_40000,0,4
chr007633_110000_120000,0,15
chr007633_120000_120476,0,15
chr007638_10000_20000,0,11
chr007640_10000_20000,0,6
chr007647_80000_90000,0,5
chr007652_40000_48353,0,12
chr007691_10000_20000,0,8
chr007695_90000_100000,0,10
chr007726_10000_20000,0,7
chr007728_0_10000,0,3
chr007728_30000_40000,0,9
chr007732_10000_20000,0,5
chr007734_140000_150000,0,6
chr007782_0_10000,0,12
chr007783_30000_40000,0,5
chr007797_70000_80000,0,3
chr007805_10000_20000,0,6
chr007813_30000_40000,0,2
chr007815_180000_190000,0,1
chr007826_40000_50000,0,7
chr007827_0_10000,0,4
chr007853_0_10000,0,8
chr007853_60000_70000,0,6
chr007854_170000_180000,0,6
chr007855_50000_60000,0,5
chr007857_0_10000,0,5
chr007857_90000_100000,0,10
chr007858_20000_30000,0,6
chr007859_150000_160000,0,8
chr007863_260000_270000,0,8
chr007874_0_10000,0,3
chr007880_0_10000,0,6
chr007899_0_10000,0,9
chr007905_0_10000,0,8
chr007944_40000_50000,0,4
chr007945_60000_70000,0,12
chr007950_90000_100000,0,4
chr007954_70000_80000,0,3
chr007955_80000_90000,0,1
chr007963_0_10000,0,9
chr007963_10000_20000,0,9
chr007987_0_10000,0,8
chr007991_90000_100000,0,7
chr007991_120000_130000,0,6
chr007991_130000_140000,0,3
chr007996_10000_20000,0,5
chr008023_40000_50000,0,6
chr008036_0_10000,0,13
chr008036_80000_90000,0,2
chr008047_20000_30000,0,7
chr008048_30000_40000,0,6
chr008048_40000_50000,0,10
chr008053_30000_40000,0,4
chr008075_10000_20000,0,5
chr008084_80000_90000,0,2
chr008084_90000_100000,0,11
chr008092_20000_30000,0,3
chr008099_30000_40000,0,5
chr008099_40000_50000,0,4
chr008105_50000_60000,0,4
chr008120_0_10000,0,5
chr008131_50000_60000,0,3
chr008132_10000_20000,0,2
chr008132_100000_110000,0,2
chr008147_70000_80000,0,6
chr008168_0_10000,0,10
chr008169_70000_80000,0,4
chr008206_10000_20000,0,5
chr008223_10000_20000,0,11
chr008254_10000_20000,0,3
chr008259_100000_110000,0,2
chr008270_20000_30000,0,9
chr008302_60000_70000,0,12
chr008314_30000_40000,0,8
chr008334_10000_20000,0,10
chr008338_10000_20000,0,11
chr008339_10000_20000,0,2
chr008343_20000_30000,0,7
chr008352_20000_30000,0,4
chr008365_40000_50000,0,11
chr008396_30000_40000,0,6
chr008413_10000_20000,0,10
chr008425_50000_57032,0,9
chr008427_40000_50000,0,7
chr008429_140000_150000,0,10
chr008452_40000_50000,0,7
sq0001_1530000_1540000,0,9
sq0001_2170000_2180000,0,9
sq0001_2680000_2690000,0,3
sq0001_3050000_3060000,0,6
sq0001_3460000_3470000,0,9
sq0001_3730000_3740000,0,9
sq0001_3760000_3770000,0,9
sq0001_3770000_3780000,0,8
sq0001_3780000_3790000,0,8
sq0001_4320000_4330000,0,2
sq0001_4330000_4340000,0,6
sq0001_4390000_4400000,0,8
sq0001_4420000_4430000,0,7
sq0001_5380000_5390000,0,14
sq0001_5690000_5700000,0,7
sq0001_5900000_5910000,0,3
sq0001_6030000_6040000,0,7
sq0001_6040000_6050000,0,4
sq0001_6290000_6300000,0,8
sq0001_6670000_6680000,0,8
sq0001_7050000_7060000,0,14
sq0001_7320000_7330000,0,4
sq0001_7840000_7850000,0,7
sq0001_8560000_8570000,0,6
sq0001_8930000_8940000,0,10
sq0001_8940000_8950000,0,6
sq0001_8950000_8960000,0,8
sq0001_9270000_9280000,0,7
sq0001_10340000_10350000,0,3
sq0001_10920000_10930000,0,6
sq0001_11470000_11480000,0,7
sq0001_11480000_11490000,0,11
sq0001_11570000_11580000,0,9
sq0001_11750000_11760000,0,3
sq0001_11970000_11980000,0,5
sq0001_11980000_11990000,0,8
sq0001_12020000_12030000,0,5
sq0001_12030000_12040000,0,5
sq0001_12500000_12510000,0,10
sq0001_12730000_12740000,0,11
sq0001_12810000_12820000,0,2
sq0001_12970000_12980000,0,4
sq0001_13210000_13220000,0,9
sq0001_14490000_14500000,0,3
sq0001_15610000_15620000,0,5
sq0001_15620000_15630000,0,5
sq0001_15980000_15990000,0,1
sq0001_16350000_16360000,0,11
sq0001_16520000_16530000,0,7
sq0001_16950000_16960000,0,2
sq0001_17270000_17280000,0,8
sq0001_17960000_17970000,0,2
sq0001_18670000_18680000,0,12
sq0001_18690000_18700000,0,8
sq0001_18840000_18850000,0,10
sq0001_19000000_19010000,0,7
sq0001_19020000_19030000,0,8
sq0001_19580000_19590000,0,10
sq0001_19700000_19710000,0,9
sq0001_20730000_20740000,0,11
sq0001_21120000_21130000,0,3
sq0001_21240000_21250000,0,8
sq0001_21590000_21600000,0,5
sq0001_22530000_22540000,0,3
sq0001_25260000_25270000,0,13
sq0001_25270000_25280000,0,13
sq0001_25290000_25300000,0,5
sq0001_25370000_25380000,0,8
sq0001_25620000_25630000,0,7
sq0001_25630000_25640000,0,11
sq0001_27090000_27100000,0,7
sq0001_27410000_27420000,0,11
sq0001_28300000_28310000,0,4
sq0001_29620000_29630000,0,11
sq0001_31540000_31550000,0,10
sq0001_33950000_33960000,0,12
sq0001_33960000_33970000,0,11
sq0001_34280000_34290000,0,13
sq0002_1440000_1450000,0,6
sq0002_1560000_1570000,0,10
sq0002_1570000_1580000,0,10
sq0002_1580000_1590000,0,10
sq0002_2180000_2190000,0,7
sq0002_3110000_3120000,0,10
sq0002_3360000_3370000,0,4
sq0002_3770000_3780000,0,10
sq0002_3870000_3880000,0,10
sq0002_4090000_4100000,0,6
sq0002_4100000_4110000,0,6
sq0002_5480000_5490000,0,12
sq0002_5500000_5510000,0,11
sq0002_5670000_5680000,0,8
sq0002_5700000_5710000,0,9
sq0002_5920000_5930000,0,4
sq0002_6250000_6260000,0,7
sq0002_6260000_6270000,0,13
sq0002_6280000_6290000,0,4
sq0002_6800000_6810000,0,8
sq0002_6910000_6920000,0,9
sq0002_7140000_7150000,0,7
sq0002_7400000_7410000,0,7
sq0002_7430000_7440000,0,2
sq0002_7490000_7500000,0,5
sq0002_7500000_7510000,0,5
sq0002_7520000_7530000,0,5
sq0002_7610000_7620000,0,1
sq0002_7910000_7920000,0,8
sq0002_8990000_9000000,0,11
sq0002_9000000_9010000,0,8
sq0002_9010000_9020000,0,3
sq0002_10580000_10590000,0,6
sq0002_11180000_11190000,0,4
sq0002_12870000_12880000,0,8
sq0002_15500000_15510000,0,6
sq0002_15520000_15530000,0,3
sq0002_16080000_16090000,0,8
sq0002_16850000_16860000,0,3
sq0002_17130000_17140000,0,6
sq0002_17140000_17150000,0,6
sq0002_17350000_17360000,0,11
sq0002_17590000_17600000,0,9
sq0002_17830000_17840000,0,4
sq0002_18350000_18360000,0,4
sq0002_19120000_19130000,0,7
sq0002_19490000_19500000,0,12
sq0002_19530000_19540000,0,11
sq0002_19700000_19710000,0,13
sq0002_19730000_19740000,0,10
sq0002_19870000_19880000,0,12
sq0002_19950000_19960000,0,11
sq0002_20320000_20330000,0,6
sq0002_20560000_20570000,0,10
sq0002_20570000_20580000,0,9
sq0002_21270000_21280000,0,12
sq0002_21930000_21940000,0,12
sq0002_21960000_21970000,0,6
sq0002_23180000_23190000,0,9
sq0002_23210000_23220000,0,11
sq0002_23220000_23230000,0,11
sq0002_23400000_23410000,0,7
sq0002_23410000_23420000,0,5
sq0002_23530000_23540000,0,7
sq0002_23540000_23550000,0,13
sq0002_23770000_23780000,0,5
sq0002_23810000_23820000,0,10
sq0002_23890000_23900000,0,4
sq0002_24900000_24910000,0,2
sq0002_24910000_24920000,0,5
sq0002_25350000_25360000,0,16
sq0002_25360000_25370000,0,16
sq0002_25380000_25390000,0,11
sq0002_25440000_25450000,0,8
sq0002_25450000_25460000,0,6
sq0002_25620000_25630000,0,7
sq0002_26000000_26010000,0,15
sq0002_26010000_26020000,0,15
sq0002_26020000_26030000,0,14
sq0002_26250000_26260000,0,8
sq0002_26690000_26700000,0,15
sq0002_26770000_26780000,0,5
sq0002_28180000_28190000,0,4
sq0002_28500000_28510000,0,8
sq0002_28660000_28670000,0,6
sq0002_28900000_28910000,0,9
sq0002_29870000_29880000,0,11
sq0002_30140000_30150000,0,11
sq0002_30160000_30170000,0,7
sq0002_30200000_30210000,0,3
sq0002_30340000_30350000,0,14
sq0002_30920000_30930000,0,2
sq0002_30940000_30950000,0,9
sq0002_31100000_31110000,0,1
sq0002_34020000_34030000,0,3
sq0002_34060000_34070000,0,4
sq0002_34990000_35000000,0,12
sq0002_36470000_36480000,0,12
sq0002_38460000_38470000,0,6
sq0002_42150000_42160000,0,12
sq0003_70000_80000,0,5
sq0003_660000_670000,0,14
sq0003_1320000_1330000,0,4
sq0003_3180000_3190000,0,13
sq0003_5840000_5850000,0,9
sq0003_7120000_7130000,0,4
sq0003_7130000_7140000,0,4
sq0003_7140000_7150000,0,3
sq0003_8100000_8110000,0,3
sq0003_8540000_8550000,0,8
sq0003_8550000_8560000,0,13
sq0003_9900000_9910000,0,9
sq0003_9910000_9920000,0,10
sq0003_9930000_9940000,0,4
sq0003_9980000_9990000,0,3
sq0003_10760000_10770000,0,9
sq0003_11350000_11360000,0,8
sq0003_11490000_11500000,0,7
sq0003_11820000_11830000,0,12
sq0003_13670000_13680000,0,13
sq0003_14040000_14050000,0,7
sq0003_14100000_14110000,0,10
sq0003_14110000_14120000,0,13
sq0003_14120000_14130000,0,11
sq0003_14150000_14160000,0,2
sq0003_14440000_14450000,0,14
sq0003_14450000_14460000,0,8
sq0003_14470000_14480000,0,11
sq0003_15730000_15740000,0,14
sq0003_20550000_20560000,0,4
sq0003_20640000_20650000,0,11
sq0003_20840000_20850000,0,3
sq0003_21870000_21880000,0,9
sq0003_22960000_22970000,0,6
sq0003_23780000_23790000,0,6
sq0003_24370000_24380000,0,11
sq0003_24400000_24410000,0,8
sq0003_24530000_24540000,0,3
sq0003_24830000_24840000,0,13
sq0003_24840000_24850000,0,6
sq0003_25880000_25890000,0,4
sq0003_26080000_26090000,0,12
sq0003_26100000_26110000,0,13
sq0003_26250000_26260000,0,7
sq0003_26370000_26380000,0,2
sq0003_26450000_26460000,0,4
sq0003_27610000_27620000,0,8
sq0003_27620000_27630000,0,15
sq0003_27720000_27730000,0,11
sq0003_27730000_27740000,0,7
sq0003_27780000_27790000,0,11
sq0003_28080000_28090000,0,4
sq0003_28280000_28290000,0,14
sq0003_28290000_28300000,0,3
sq0003_28380000_28390000,0,12
sq0003_28920000_28930000,0,4
sq0003_28940000_28950000,0,2
sq0003_29060000_29070000,0,8
sq0003_29070000_29080000,0,4
sq0003_29560000_29570000,0,8
sq0003_30250000_30260000,0,7
sq0003_30800000_30810000,0,3
sq0003_30950000_30960000,0,6
sq0003_30980000_30990000,0,12
sq0003_31100000_31110000,0,9
sq0003_31710000_31720000,0,15
sq0003_31970000_31980000,0,10
sq0003_32080000_32090000,0,2
sq0003_33240000_33250000,0,14
sq0003_34800000_34810000,0,5
sq0003_35190000_35200000,0,14
sq0003_35310000_35320000,0,15
sq0003_36020000_36030000,0,8
sq0003_36330000_36340000,0,8
sq0003_36340000_36350000,0,8
sq0003_36520000_36530000,0,6
sq0003_36540000_36550000,0,10
sq0003_37040000_37050000,0,7
sq0003_37340000_37350000,0,12
sq0003_37350000_37360000,0,10
sq0003_37380000_37390000,0,10
sq0003_37390000_37400000,0,7
sq0003_38040000_38050000,0,2
sq0003_38200000_38210000,0,14
sq0003_38210000_38220000,0,6
sq0003_38260000_38270000,0,5
sq0003_38610000_38620000,0,9
sq0003_38620000_38630000,0,9
sq0003_38800000_38810000,0,1
sq0003_39170000_39180000,0,5
sq0003_39260000_39270000,0,13
sq0003_40410000_40420000,0,9
sq0003_40900000_40910000,0,3
sq0003_41020000_41030000,0,4
sq0003_41500000_41510000,0,9
sq0003_41710000_41720000,0,15
sq0003_42280000_42290000,0,15
sq0003_42290000_42300000,0,12
sq0003_43140000_43150000,0,3
sq0003_43420000_43430000,0,7
sq0003_43430000_43440000,0,7
sq0003_43950000_43960000,0,8
sq0003_43960000_43970000,0,12
sq0003_45240000_45250000,0,13
sq0003_45540000_45550000,0,10
sq0003_45980000_45990000,0,6
sq0003_46120000_46130000,0,13
sq0003_46220000_46230000,0,9
sq0003_46360000_46370000,0,8
sq0003_46570000_46580000,0,13
sq0003_46590000_46600000,0,2
sq0003_47250000_47260000,0,12
sq0003_47270000_47280000,0,6
sq0003_47540000_47550000,0,13
sq0003_47570000_47580000,0,13
sq0003_47610000_47620000,0,10
sq0003_47750000_47760000,0,14
sq0003_47760000_47770000,0,16
sq0003_47770000_47780000,0,16
sq0003_48070000_48080000,0,11
sq0003_48080000_48090000,0,14
sq0003_48110000_48120000,0,10
sq0003_48160000_48170000,0,12
sq0003_48170000_48180000,0,15
sq0003_48560000_48570000,0,6
sq0003_48780000_48790000,0,10
sq0003_48910000_48920000,0,10
sq0003_50280000_50290000,0,11
sq0003_50710000_50720000,0,3
sq0003_51410000_51420000,0,7
sq0003_51550000_51560000,0,8
sq0003_51860000_51870000,0,12
sq0003_51880000_51890000,0,16
sq0003_51910000_51920000,0,8
sq0003_52250000_52260000,0,2
sq0003_53050000_53060000,0,7
sq0003_53830000_53840000,0,10
sq0003_54630000_54640000,0,9
sq0003_55520000_55530000,0,10
sq0004_820000_830000,0,4
sq0004_1660000_1670000,0,7
sq0004_1670000_1680000,0,5
sq0004_1790000_1800000,0,14
sq0004_2000000_2010000,0,2
sq0004_2900000_2910000,0,7
sq0004_2920000_2930000,0,5
sq0004_4940000_4950000,0,15
sq0004_4950000_4960000,0,11
sq0004_8010000_8020000,0,5
sq0004_11090000_11100000,0,7
sq0004_11860000_11870000,0,14
sq0004_13330000_13340000,0,14
sq0004_13470000_13480000,0,5
sq0004_13550000_13560000,0,12
sq0004_14600000_14610000,0,14
sq0004_14640000_14650000,0,7
sq0004_15310000_15320000,0,14
sq0004_16610000_16620000,0,2
sq0004_18490000_18500000,0,4
sq0004_18510000_18520000,0,4
sq0004_19880000_19890000,0,12
sq0004_19890000_19900000,0,9
sq0004_21180000_21190000,0,8
sq0004_22640000_22650000,0,6
sq0004_23310000_23320000,0,13
sq0004_23320000_23330000,0,8
sq0004_23350000_23360000,0,14
sq0004_23370000_23380000,0,10
sq0004_23410000_23420000,0,9
sq0004_23420000_23430000,0,12
sq0004_23470000_23480000,0,6
sq0004_23480000_23490000,0,6
sq0004_23980000_23990000,0,12
sq0004_24380000_24390000,0,8
sq0004_24860000_24870000,0,7
sq0004_25340000_25350000,0,9
sq0004_25520000_25530000,0,5
sq0004_26200000_26210000,0,6
sq0004_26250000_26260000,0,7
sq0004_26300000_26310000,0,5
sq0004_26440000_26450000,0,9
sq0004_26450000_26460000,0,9
sq0004_26460000_26470000,0,8
sq0004_27030000_27040000,0,7
sq0004_27860000_27870000,0,11
sq0004_27980000_27990000,0,7
sq0004_28260000_28270000,0,13
sq0004_28270000_28280000,0,6
sq0004_28290000_28300000,0,10
sq0004_28360000_28370000,0,5
sq0004_28640000_28650000,0,8
sq0004_28650000_28660000,0,5
sq0004_28720000_28730000,0,3
sq0004_28800000_28810000,0,5
sq0004_28880000_28890000,0,5
sq0004_29310000_29320000,0,5
sq0004_30700000_30710000,0,2
sq0004_30870000_30880000,0,15
sq0004_30880000_30890000,0,15
sq0004_30890000_30900000,0,15
sq0004_31050000_31060000,0,6
sq0004_31070000_31080000,0,12
sq0004_31080000_31090000,0,13
sq0004_31090000_31100000,0,12
sq0004_31180000_31190000,0,2
sq0004_31200000_31210000,0,6
sq0004_31220000_31230000,0,6
sq0004_31230000_31240000,0,14
sq0004_31240000_31250000,0,14
sq0004_31250000_31260000,0,12
sq0004_31300000_31310000,0,8
sq0004_31320000_31330000,0,11
sq0004_31330000_31340000,0,8
sq0004_32150000_32160000,0,10
sq0004_32310000_32320000,0,10
sq0004_32710000_32720000,0,5
sq0004_32740000_32750000,0,5
sq0004_32980000_32990000,0,12
sq0004_33310000_33320000,0,9
sq0004_33360000_33370000,0,4
sq0004_33780000_33790000,0,9
sq0004_34320000_34330000,0,7
sq0004_34690000_34700000,0,10
sq0004_35210000_35220000,0,11
sq0004_35300000_35310000,0,11
sq0004_35310000_35320000,0,3
sq0004_35410000_35420000,0,5
sq0004_36120000_36130000,0,10
sq0004_36390000_36400000,0,8
sq0004_36690000_36700000,0,6
sq0004_37440000_37450000,0,8
sq0004_37930000_37940000,0,5
sq0004_38070000_38080000,0,12
sq0004_38660000_38670000,0,4
sq0004_38930000_38940000,0,15
sq0004_38980000_38990000,0,10
sq0004_39430000_39440000,0,5
sq0004_39450000_39460000,0,10
sq0004_39650000_39660000,0,7
sq0004_39710000_39720000,0,13
sq0004_39760000_39770000,0,12
sq0004_39770000_39780000,0,11
sq0004_39810000_39820000,0,11
sq0004_39890000_39900000,0,7
sq0004_40500000_40510000,0,9
sq0004_40620000_40630000,0,8
sq0004_41350000_41360000,0,7
sq0004_41360000_41370000,0,7
sq0004_41540000_41550000,0,10
sq0004_41670000_41680000,0,7
sq0004_41760000_41770000,0,4
sq0004_42210000_42220000,0,7
sq0004_42730000_42740000,0,9
sq0004_43500000_43510000,0,9
sq0004_43570000_43580000,0,8
sq0004_43610000_43620000,0,1
sq0004_43930000_43940000,0,1
sq0004_44620000_44630000,0,5
sq0004_45080000_45090000,0,8
sq0004_45110000_45120000,0,6
sq0004_45920000_45930000,0,7
sq0004_45950000_45960000,0,7
sq0004_46060000_46070000,0,14
sq0004_46070000_46080000,0,3
sq0004_46100000_46110000,0,9
sq0004_46490000_46500000,0,10
sq0004_46840000_46850000,0,5
sq0004_47730000_47740000,0,8
sq0004_47800000_47810000,0,9
sq0004_49100000_49110000,0,8
sq0004_50480000_50490000,0,4
sq0004_50670000_50680000,0,10
sq0004_52000000_52010000,0,8
sq0004_52200000_52210000,0,13
sq0004_52210000_52220000,0,9
sq0004_52280000_52290000,0,12
sq0004_52830000_52840000,0,1
sq0004_53630000_53640000,0,14
sq0004_53900000_53910000,0,9
sq0004_53910000_53920000,0,7
sq0004_53930000_53940000,0,12
sq0004_54660000_54670000,0,6
sq0004_55580000_55590000,0,9
sq0004_55630000_55640000,0,10
sq0004_55840000_55850000,0,1
sq0004_56340000_56350000,0,10
sq0004_56350000_56360000,0,5
sq0004_56500000_56510000,0,7
sq0004_56580000_56590000,0,11
sq0004_58790000_58800000,0,10
sq0004_58870000_58880000,0,9
sq0004_61620000_61630000,0,5
sq0004_61690000_61700000,0,11
sq0004_61830000_61840000,0,8
sq0004_62300000_62310000,0,8
sq0004_64090000_64100000,0,3
sq0004_64290000_64300000,0,10
sq0005_1380000_1390000,0,4
sq0005_2860000_2870000,0,11
sq0005_4420000_4430000,0,7
sq0005_5170000_5180000,0,9
sq0005_5190000_5200000,0,9
sq0005_7550000_7560000,0,8
sq0005_8190000_8200000,0,10
sq0005_8250000_8260000,0,11
sq0005_8350000_8360000,0,11
sq0005_8360000_8370000,0,8
sq0005_8690000_8700000,0,5
sq0005_9370000_9380000,0,3
sq0005_10420000_10430000,0,11
sq0005_10590000_10600000,0,9
sq0005_10650000_10660000,0,8
sq0005_10700000_10710000,0,5
sq0005_11070000_11080000,0,7
sq0005_11730000_11740000,0,12
sq0005_11750000_11760000,0,9
sq0005_11780000_11790000,0,10
sq0005_11790000_11800000,0,9
sq0005_11920000_11930000,0,8
sq0005_11960000_11970000,0,12
sq0005_12920000_12930000,0,8
sq0005_13720000_13730000,0,9
sq0005_13740000_13750000,0,8
sq0005_13750000_13760000,0,9
sq0005_15680000_15690000,0,12
sq0005_15700000_15710000,0,11
sq0005_15810000_15820000,0,4
sq0005_16510000_16520000,0,7
sq0005_17120000_17130000,0,10
sq0005_17870000_17880000,0,8
sq0005_18270000_18280000,0,14
sq0005_20280000_20290000,0,6
sq0005_21220000_21230000,0,5
sq0005_22730000_22740000,0,5
sq0005_23110000_23120000,0,7
sq0005_23810000_23820000,0,12
sq0005_23850000_23860000,0,9
sq0005_24100000_24110000,0,5
sq0005_24340000_24350000,0,6
sq0005_24560000_24570000,0,6
sq0005_24900000_24910000,0,5
sq0005_25870000_25880000,0,6
sq0005_26470000_26480000,0,11
sq0005_27080000_27090000,0,8
sq0005_27340000_27350000,0,3
sq0005_28330000_28340000,0,10
sq0005_28350000_28360000,0,9
sq0005_28380000_28390000,0,10
sq0005_28500000_28510000,0,3
sq0005_28560000_28570000,0,8
sq0005_28810000_28820000,0,13
sq0005_28860000_28870000,0,15
sq0005_28870000_28880000,0,7
sq0005_29220000_29230000,0,7
sq0005_29230000_29240000,0,3
sq0005_29260000_29270000,0,9
sq0005_30030000_30040000,0,3
sq0006_60000_70000,0,10
sq0006_1190000_1200000,0,3
sq0006_2200000_2210000,0,5
sq0006_3800000_3810000,0,2
sq0006_5340000_5350000,0,5
sq0006_5840000_5850000,0,7
sq0006_5900000_5910000,0,9
sq0006_5930000_5940000,0,3
sq0006_5990000_6000000,0,8
sq0006_6010000_6020000,0,9
sq0006_6020000_6030000,0,5
sq0006_6500000_6510000,0,11
sq0006_6770000_6780000,0,7
sq0006_6780000_6790000,0,14
sq0006_7400000_7410000,0,2
sq0006_8390000_8400000,0,6
sq0006_8400000_8410000,0,5
sq0006_8410000_8420000,0,4
sq0006_8420000_8430000,0,6
sq0006_8430000_8440000,0,3
sq0006_8440000_8450000,0,6
sq0006_8450000_8460000,0,3
sq0006_9690000_9700000,0,9
sq0006_10450000_10460000,0,12
sq0006_11750000_11760000,0,9
sq0006_11950000_11960000,0,5
sq0006_12470000_12480000,0,6
sq0006_12620000_12630000,0,6
sq0006_13120000_13130000,0,12
sq0006_13130000_13140000,0,14
sq0006_13800000_13810000,0,9
sq0006_14470000_14480000,0,8
sq0006_15000000_15010000,0,8
sq0006_15090000_15100000,0,14
sq0006_15500000_15510000,0,9
sq0006_16150000_16160000,0,11
sq0006_16310000_16320000,0,9
sq0006_17110000_17120000,0,9
sq0006_17140000_17150000,0,7
sq0006_17150000_17160000,0,6
sq0006_18360000_18370000,0,12
sq0006_18650000_18660000,0,11
sq0006_18710000_18720000,0,5
sq0006_19610000_19620000,0,8
sq0006_19790000_19800000,0,6
sq0006_20800000_20810000,0,7
sq0006_20810000_20820000,0,10
sq0006_20820000_20830000,0,12
sq0006_21340000_21350000,0,9
sq0006_22220000_22230000,0,5
sq0006_22470000_22480000,0,5
sq0006_22640000_22650000,0,13
sq0006_22660000_22670000,0,15
sq0006_22690000_22700000,0,4
sq0006_23040000_23050000,0,8
sq0006_23080000_23090000,0,12
sq0006_23180000_23190000,0,13
sq0006_23430000_23440000,0,9
sq0006_23440000_23450000,0,9
sq0006_23600000_23610000,0,5
sq0006_23930000_23940000,0,12
sq0006_23990000_24000000,0,8
sq0006_24040000_24050000,0,10
sq0006_24090000_24100000,0,11
sq0006_26250000_26260000,0,10
sq0006_26390000_26400000,0,6
sq0006_26800000_26810000,0,12
sq0006_26810000_26820000,0,9
sq0006_27240000_27250000,0,10
sq0006_27570000_27580000,0,3
sq0006_27730000_27740000,0,9
sq0006_27920000_27930000,0,5
sq0006_28070000_28080000,0,6
sq0006_28550000_28560000,0,6
sq0006_29100000_29110000,0,8
sq0006_29200000_29210000,0,6
sq0006_29540000_29550000,0,11
sq0006_29550000_29560000,0,13
sq0006_29920000_29930000,0,3
sq0006_30090000_30100000,0,8
sq0006_30230000_30240000,0,8
sq0006_30300000_30310000,0,7
sq0006_31120000_31130000,0,5
sq0006_31450000_31460000,0,4
sq0006_31610000_31620000,0,3
sq0006_31690000_31700000,0,5
sq0006_32110000_32120000,0,10
sq0006_32120000_32130000,0,7
sq0006_32260000_32270000,0,6
sq0006_32270000_32280000,0,7
sq0006_32320000_32330000,0,8
sq0006_32650000_32660000,0,8
sq0006_32940000_32950000,0,8
sq0006_32950000_32960000,0,7
sq0006_33090000_33100000,0,6
sq0006_34320000_34330000,0,8
sq0006_34750000_34760000,0,13
sq0006_34760000_34770000,0,11
sq0006_34770000_34780000,0,8
sq0006_34950000_34960000,0,9
sq0006_35050000_35060000,0,12
sq0006_35180000_35190000,0,8
sq0006_35220000_35230000,0,8
sq0006_35520000_35530000,0,14
sq0006_35780000_35790000,0,9
sq0006_35790000_35800000,0,9
sq0006_36590000_36600000,0,5
sq0007_20000_30000,0,13
sq0007_2450000_2460000,0,4
sq0007_3040000_3050000,0,10
sq0007_3120000_3130000,0,9
sq0007_3130000_3140000,0,10
sq0007_3140000_3150000,0,12
sq0007_4900000_4910000,0,3
sq0007_6680000_6690000,0,14
sq0007_6940000_6950000,0,9
sq0007_7160000_7170000,0,15
sq0007_7240000_7250000,0,7
sq0007_7770000_7780000,0,6
sq0007_8900000_8910000,0,11
sq0007_10460000_10470000,0,8
sq0007_10470000_10480000,0,7
sq0007_10970000_10980000,0,10
sq0007_11540000_11550000,0,5
sq0007_11840000_11850000,0,14
sq0007_13870000_13880000,0,13
sq0007_15160000_15170000,0,4
sq0007_15300000_15310000,0,1
sq0007_15880000_15890000,0,4
sq0007_15920000_15930000,0,7
sq0007_16620000_16630000,0,9
sq0007_16970000_16980000,0,11
sq0007_17330000_17340000,0,2
sq0007_17470000_17480000,0,7
sq0007_17540000_17550000,0,9
sq0007_19360000_19370000,0,8
sq0007_19790000_19800000,0,8
sq0007_20520000_20530000,0,4
sq0007_20620000_20630000,0,11
sq0007_20690000_20700000,0,9
sq0007_21030000_21040000,0,3
sq0007_21140000_21150000,0,7
sq0007_23670000_23680000,0,6
sq0007_23710000_23720000,0,8
sq0007_23900000_23910000,0,12
sq0007_24170000_24180000,0,5
sq0007_24230000_24240000,0,8
sq0007_24490000_24500000,0,6
sq0007_24540000_24550000,0,5
sq0007_24660000_24670000,0,9
sq0007_24680000_24690000,0,7
sq0007_25160000_25170000,0,10
sq0007_25360000_25370000,0,7
sq0007_25380000_25390000,0,6
sq0007_25530000_25540000,0,6
sq0007_25550000_25560000,0,14
sq0007_25950000_25960000,0,4
sq0007_25990000_26000000,0,5
sq0007_26030000_26040000,0,8
sq0007_26210000_26220000,0,11
sq0007_26220000_26230000,0,10
sq0007_26360000_26370000,0,16
sq0007_26480000_26490000,0,16
sq0007_26900000_26910000,0,6
sq0007_27130000_27140000,0,2
sq0007_27420000_27430000,0,5
sq0007_27780000_27790000,0,3
sq0007_27880000_27890000,0,5
sq0007_27900000_27910000,0,5
sq0007_28680000_28690000,0,6
sq0007_29040000_29050000,0,5
sq0007_29050000_29060000,0,7
sq0007_29130000_29140000,0,8
sq0007_29140000_29150000,0,11
sq0007_30220000_30230000,0,14
sq0008_660000_670000,0,11
sq0008_900000_910000,0,6
sq0008_1650000_1660000,0,1
sq0008_1850000_1860000,0,7
sq0008_5020000_5030000,0,4
sq0008_5700000_5710000,0,9
sq0008_6090000_6100000,0,5
sq0008_6440000_6450000,0,7
sq0008_7230000_7240000,0,10
sq0008_8030000_8040000,0,4
sq0008_9140000_9150000,0,6
sq0008_10230000_10240000,0,7
sq0008_10250000_10260000,0,3
sq0008_10480000_10490000,0,11
sq0008_11010000_11020000,0,2
sq0008_11120000_11130000,0,7
sq0008_11390000_11400000,0,2
sq0008_11520000_11530000,0,8
sq0008_11610000_11620000,0,8
sq0008_11660000_11670000,0,8
sq0008_11680000_11690000,0,11
sq0008_11690000_11700000,0,7
sq0008_11700000_11710000,0,9
sq0008_11780000_11790000,0,13
sq0008_14120000_14130000,0,6
sq0008_15440000_15450000,0,14
sq0008_15450000_15460000,0,12
sq0008_15560000_15570000,0,3
sq0008_15610000_15620000,0,9
sq0008_16000000_16010000,0,3
sq0008_16520000_16530000,0,3
sq0008_17130000_17140000,0,5
sq0008_17320000_17330000,0,2
sq0008_17510000_17520000,0,9
sq0008_17630000_17640000,0,6
sq0008_18180000_18190000,0,4
sq0008_19770000_19780000,0,6
sq0008_20460000_20470000,0,3
sq0008_20520000_20530000,0,5
sq0008_20540000_20550000,0,2
sq0008_22380000_22390000,0,5
sq0008_22840000_22850000,0,8
sq0008_22910000_22920000,0,4
sq0008_23790000_23800000,0,2
sq0008_24090000_24100000,0,9
sq0008_24120000_24130000,0,11
sq0008_24260000_24270000,0,14
sq0008_24270000_24280000,0,1
sq0008_24290000_24300000,0,3
sq0008_24520000_24530000,0,9
sq0008_25430000_25440000,0,3
sq0008_26150000_26160000,0,11
sq0008_26160000_26170000,0,11
sq0008_26970000_26980000,0,7
sq0008_27770000_27780000,0,7
sq0008_27900000_27910000,0,4
sq0008_27910000_27920000,0,5
sq0008_28020000_28030000,0,12
sq0008_28030000_28040000,0,9
sq0008_28210000_28220000,0,6
sq0008_28780000_28790000,0,2
sq0008_29010000_29020000,0,6
sq0008_29270000_29280000,0,11
sq0008_30210000_30220000,0,5
sq0008_30650000_30660000,0,7
sq0008_31290000_31300000,0,10
sq0008_31310000_31320000,0,5
sq0008_31370000_31380000,0,11
sq0008_31460000_31470000,0,11
sq0008_31750000_31760000,0,10
sq0009_110000_120000,0,7
sq0009_410000_420000,0,10
sq0009_640000_650000,0,13
sq0009_650000_660000,0,11
sq0009_830000_840000,0,4
sq0009_840000_850000,0,9
sq0009_930000_940000,0,13
sq0009_1070000_1080000,0,8
sq0009_1870000_1880000,0,11
sq0009_1920000_1930000,0,13
sq0009_1930000_1940000,0,15
sq0009_2180000_2190000,0,7
sq0009_2190000_2200000,0,14
sq0009_2270000_2280000,0,4
sq0009_2430000_2440000,0,10
sq0009_2900000_2910000,0,10
sq0009_3150000_3160000,0,7
sq0009_4260000_4270000,0,15
sq0009_4270000_4280000,0,15
sq0009_4690000_4700000,0,6
sq0009_5820000_5830000,0,5
sq0009_6070000_6080000,0,2
sq0009_6210000_6220000,0,6
sq0009_8100000_8110000,0,6
sq0009_8190000_8200000,0,7
sq0009_8620000_8630000,0,6
sq0009_9420000_9430000,0,8
sq0009_9790000_9800000,0,10
sq0009_11310000_11320000,0,6
sq0009_11640000_11650000,0,14
sq0009_11890000_11900000,0,11
sq0009_11940000_11950000,0,12
sq0009_12150000_12160000,0,2
sq0009_12860000_12870000,0,6
sq0009_13330000_13340000,0,12
sq0009_13360000_13370000,0,12
sq0009_13440000_13450000,0,12
sq0009_13460000_13470000,0,6
sq0009_13480000_13490000,0,6
sq0009_13550000_13560000,0,3
sq0009_13630000_13640000,0,4
sq0009_13840000_13850000,0,12
sq0009_13870000_13880000,0,5
sq0009_13910000_13920000,0,9
sq0009_14020000_14030000,0,8
sq0009_14030000_14040000,0,13
sq0009_14050000_14060000,0,11
sq0009_14090000_14100000,0,4
sq0009_14150000_14160000,0,2
sq0009_14690000_14700000,0,8
sq0009_15050000_15060000,0,8
sq0009_15060000_15070000,0,4
sq0009_15100000_15110000,0,7
sq0009_15290000_15300000,0,2
sq0009_15510000_15520000,0,9
sq0009_16230000_16240000,0,8
sq0009_16470000_16480000,0,8
sq0009_16480000_16490000,0,9
sq0009_16880000_16890000,0,11
sq0009_16890000_16900000,0,3
sq0009_17300000_17310000,0,15
sq0009_17810000_17820000,0,5
sq0009_18820000_18830000,0,3
sq0009_19270000_19280000,0,8
sq0009_20960000_20970000,0,9
sq0009_21290000_21300000,0,5
sq0009_23270000_23280000,0,10
sq0009_23380000_23390000,0,9
sq0009_24050000_24060000,0,12
sq0009_24160000_24170000,0,7
sq0009_24620000_24630000,0,3
sq0009_24640000_24650000,0,8
sq0009_24670000_24680000,0,6
sq0009_25470000_25480000,0,12
sq0009_25520000_25530000,0,15
sq0009_27310000_27320000,0,11
sq0009_27660000_27670000,0,13
sq0009_28160000_28170000,0,12
sq0009_28990000_29000000,0,6
sq0009_29050000_29060000,0,9
sq0009_29510000_29520000,0,2
sq0009_30920000_30930000,0,9
sq0009_30970000_30980000,0,9
sq0009_32510000_32520000,0,2
sq0009_32520000_32530000,0,9
sq0009_32530000_32540000,0,8
sq0009_32570000_32580000,0,8
sq0010_70000_80000,0,11
sq0010_80000_90000,0,12
sq0010_90000_100000,0,8
sq0010_1120000_1130000,0,6
sq0010_1150000_1160000,0,10
sq0010_1230000_1240000,0,2
sq0010_1380000_1390000,0,14
sq0010_1790000_1800000,0,3
sq0010_4410000_4420000,0,4
sq0010_4530000_4540000,0,9
sq0010_4830000_4840000,0,9
sq0010_4970000_4980000,0,11
sq0010_5490000_5500000,0,6
sq0010_6270000_6280000,0,7
sq0010_6380000_6390000,0,10
sq0010_6700000_6710000,0,12
sq0010_6710000_6720000,0,12
sq0010_6800000_6810000,0,10
sq0010_7140000_7150000,0,9
sq0010_7940000_7950000,0,6
sq0010_8030000_8040000,0,1
sq0010_8390000_8400000,0,11
sq0010_8600000_8610000,0,7
sq0010_8610000_8620000,0,12
sq0010_8710000_8720000,0,5
sq0010_8730000_8740000,0,10
sq0010_8830000_8840000,0,7
sq0010_8930000_8940000,0,5
sq0010_9000000_9010000,0,12
sq0010_9210000_9220000,0,4
sq0010_9510000_9520000,0,1
sq0010_10390000_10400000,0,11
sq0010_10400000_10410000,0,10
sq0010_10430000_10440000,0,13
sq0010_11020000_11030000,0,9
sq0010_11100000_11110000,0,8
sq0010_11290000_11300000,0,10
sq0010_11360000_11370000,0,1
sq0010_11380000_11390000,0,4
sq0010_11420000_11430000,0,1
sq0010_11560000_11570000,0,15
sq0010_11590000_11600000,0,7
sq0010_11640000_11650000,0,6
sq0010_12160000_12170000,0,4
sq0010_12570000_12580000,0,6
sq0010_12780000_12790000,0,7
sq0010_13220000_13230000,0,4
sq0010_13660000_13670000,0,6
sq0010_14020000_14030000,0,4
sq0010_14140000_14150000,0,2
sq0010_15110000_15120000,0,8
sq0010_15260000_15270000,0,2
sq0010_15550000_15560000,0,4
sq0010_15980000_15990000,0,7
sq0010_16040000_16050000,0,4
sq0010_16150000_16160000,0,3
sq0010_16310000_16320000,0,3
sq0010_16620000_16630000,0,6
sq0010_16630000_16640000,0,7
sq0010_16900000_16910000,0,10
sq0010_17550000_17560000,0,9
sq0010_18330000_18340000,0,3
sq0010_18870000_18880000,0,1
sq0010_19190000_19200000,0,8
sq0010_19560000_19570000,0,5
sq0010_19890000_19900000,0,6
sq0010_20770000_20780000,0,9
sq0010_21970000_21980000,0,8
sq0010_22070000_22080000,0,5
sq0010_22100000_22110000,0,2
sq0010_23670000_23680000,0,5
sq0010_23740000_23750000,0,12
sq0010_23790000_23800000,0,9
sq0010_24120000_24130000,0,10
sq0010_24290000_24300000,0,7
sq0010_24370000_24380000,0,9
sq0010_24420000_24430000,0,10
sq0010_25450000_25460000,0,10
sq0010_26260000_26270000,0,10
sq0010_26750000_26760000,0,14
sq0010_26900000_26910000,0,12
sq0010_26940000_26950000,0,13
sq0010_26950000_26960000,0,9
sq0010_27170000_27180000,0,13
sq0010_27190000_27200000,0,11
sq0010_27430000_27440000,0,13
sq0010_27530000_27540000,0,13
sq0010_27760000_27770000,0,6
sq0010_27860000_27870000,0,5
sq0010_27880000_27890000,0,11
sq0010_28380000_28390000,0,6
sq0010_28390000_28400000,0,4
sq0010_28560000_28570000,0,7
sq0010_28570000_28580000,0,9
sq0010_28850000_28860000,0,2
sq0010_29940000_29950000,0,10
sq0010_31140000_31150000,0,16
sq0010_31830000_31840000,0,6
sq0010_31980000_31990000,0,7
sq0010_32010000_32020000,0,9
sq0010_32020000_32030000,0,4
sq0010_35160000_35170000,0,8
sq0011_2480000_2490000,0,5
sq0011_3320000_3330000,0,12
sq0011_7140000_7150000,0,4
sq0011_9470000_9480000,0,4
sq0011_11780000_11790000,0,8
sq0011_11790000_11800000,0,7
sq0011_12040000_12050000,0,1
sq0011_14040000_14050000,0,14
sq0011_14860000_14870000,0,3
sq0011_15120000_15130000,0,7
sq0011_15580000_15590000,0,9
sq0011_17050000_17060000,0,13
sq0011_17410000_17420000,0,14
sq0011_17470000_17480000,0,13
sq0011_17510000_17520000,0,1
sq0011_17520000_17530000,0,14
sq0011_17530000_17540000,0,16
sq0011_17540000_17550000,0,11
sq0011_17550000_17560000,0,12
sq0011_17890000_17900000,0,10
sq0011_18040000_18050000,0,4
sq0011_18650000_18660000,0,1
sq0011_18740000_18750000,0,13
sq0011_19390000_19400000,0,10
sq0011_19410000_19420000,0,12
sq0011_19500000_19510000,0,7
sq0011_19670000_19680000,0,2
sq0011_20450000_20460000,0,8
sq0011_20540000_20550000,0,9
sq0011_20550000_20560000,0,8
sq0011_21050000_21060000,0,14
sq0011_21060000_21070000,0,16
sq0011_21070000_21080000,0,9
sq0011_21120000_21130000,0,14
sq0011_21130000_21140000,0,16
sq0011_21180000_21190000,0,13
sq0011_21190000_21200000,0,14
sq0011_21520000_21530000,0,5
sq0011_21860000_21870000,0,8
sq0011_22010000_22020000,0,9
sq0011_22020000_22030000,0,9
sq0011_22240000_22250000,0,12
sq0011_23200000_23210000,0,7
sq0011_23210000_23220000,0,5
sq0011_23220000_23230000,0,10
sq0011_23390000_23400000,0,4
sq0011_23420000_23430000,0,9
sq0011_24010000_24020000,0,5
sq0011_24110000_24120000,0,5
sq0011_24120000_24130000,0,2
sq0011_24420000_24430000,0,5
sq0011_24430000_24440000,0,5
sq0011_24510000_24520000,0,7
sq0011_25900000_25910000,0,13
sq0011_26210000_26220000,0,7
sq0011_26530000_26540000,0,10
sq0011_26730000_26740000,0,6
sq0011_27170000_27180000,0,3
sq0011_27530000_27540000,0,4
sq0011_28000000_28010000,0,5
sq0011_28510000_28520000,0,3
sq0011_29350000_29360000,0,6
sq0011_29790000_29800000,0,10
sq0011_30220000_30230000,0,9
sq0011_30420000_30430000,0,8
sq0011_31100000_31110000,0,6
sq0011_31250000_31260000,0,4
sq0011_31940000_31950000,0,11
sq0011_32370000_32380000,0,12
sq0011_32910000_32920000,0,5
sq0011_32930000_32940000,0,15
sq0011_32940000_32950000,0,4
sq0011_32980000_32990000,0,9
sq0011_33570000_33580000,0,8
sq0011_33580000_33590000,0,9
sq0011_34200000_34210000,0,4
sq0011_34480000_34490000,0,8
sq0011_34530000_34540000,0,9
sq0011_34590000_34600000,0,2
sq0011_34860000_34870000,0,3
sq0011_35460000_35470000,0,13
sq0011_35480000_35490000,0,10
sq0011_35520000_35530000,0,9
sq0011_35750000_35760000,0,13
sq0011_35860000_35870000,0,6
sq0011_36780000_36790000,0,11
sq0011_37370000_37380000,0,5
sq0011_37380000_37390000,0,10
sq0011_37400000_37410000,0,8
sq0011_37960000_37970000,0,9
sq0011_38250000_38260000,0,11
sq0011_38260000_38270000,0,14
sq0011_38470000_38480000,0,9
sq0011_38700000_38710000,0,7
sq0011_39410000_39420000,0,11
sq0011_39440000_39450000,0,9
sq0011_39730000_39740000,0,10
sq0011_40090000_40100000,0,10
sq0011_40420000_40430000,0,4
sq0011_40430000_40440000,0,4
sq0011_40800000_40810000,0,9
sq0012_4540000_4550000,0,4
sq0012_5350000_5360000,0,9
sq0012_6210000_6220000,0,4
sq0012_6400000_6410000,0,4
sq0012_7250000_7260000,0,5
sq0012_10820000_10830000,0,3
sq0012_11030000_11040000,0,10
sq0012_11660000_11670000,0,13
sq0012_11900000_11910000,0,3
sq0012_13370000_13380000,0,6
sq0012_13580000_13590000,0,8
sq0012_16840000_16850000,0,6
sq0012_16890000_16900000,0,5
sq0012_17160000_17170000,0,9
sq0012_17210000_17220000,0,12
sq0012_17240000_17250000,0,8
sq0012_17250000_17260000,0,9
sq0012_17620000_17630000,0,10
sq0012_17960000_17970000,0,5
sq0012_19400000_19410000,0,11
sq0012_19410000_19420000,0,10
sq0012_19420000_19430000,0,11
sq0012_19480000_19490000,0,12
sq0012_19840000_19850000,0,3
sq0012_20270000_20280000,0,5
sq0012_20370000_20380000,0,7
sq0012_20380000_20390000,0,11
sq0012_20420000_20430000,0,12
sq0012_20440000_20450000,0,12
sq0012_20690000_20700000,0,11
sq0012_21760000_21770000,0,4
sq0012_22170000_22180000,0,4
sq0012_22180000_22190000,0,6
sq0012_22470000_22480000,0,6
sq0012_22480000_22490000,0,9
sq0012_22960000_22970000,0,9
sq0012_23320000_23330000,0,5
sq0012_23640000_23650000,0,11
sq0012_24670000_24680000,0,7
sq0012_25980000_25990000,0,6
sq0012_26420000_26430000,0,5
sq0012_26490000_26500000,0,11
sq0012_28310000_28320000,0,9
sq0012_28640000_28650000,0,5
sq0012_29640000_29650000,0,12
sq0012_29660000_29670000,0,8
sq0012_29950000_29960000,0,6
sq0012_30460000_30470000,0,7
sq0012_31950000_31960000,0,5
sq0012_31960000_31970000,0,9
sq0012_32290000_32300000,0,11
sq0012_32710000_32720000,0,6
sq0012_34310000_34320000,0,6
sq0012_34350000_34360000,0,6
sq0012_34470000_34480000,0,6
sq0012_35120000_35130000,0,5
sq0012_36490000_36500000,0,10
sq0012_36530000_36540000,0,2
sq0012_36550000_36560000,0,4
sq0012_36630000_36640000,0,6
sq0012_36990000_37000000,0,6
sq0012_37590000_37600000,0,4
sq0012_37730000_37740000,0,9
sq0012_37780000_37790000,0,10
sq0012_39170000_39180000,0,1
sq0012_40460000_40470000,0,6
sq0012_40940000_40950000,0,8
sq0012_41140000_41150000,0,9
sq0012_41150000_41160000,0,12
sq0012_41760000_41770000,0,4
sq0012_42650000_42660000,0,3
sq0012_42740000_42750000,0,3
sq0012_43300000_43310000,0,6
sq0012_43450000_43460000,0,8
sq0012_43490000_43500000,0,2
sq0012_43830000_43840000,0,10
sq0012_43840000_43850000,0,9
sq0012_44050000_44060000,0,10
sq0012_44180000_44190000,0,7
sq0012_44200000_44210000,0,2
sq0012_44430000_44440000,0,7
sq0012_44730000_44740000,0,11
sq0012_44750000_44760000,0,8
sq0012_45210000_45220000,0,11
sq0012_46450000_46460000,0,13
sq0012_46500000_46510000,0,5
sq0013_300000_310000,0,10
sq0013_6580000_6590000,0,3
sq0013_7120000_7130000,0,3
sq0013_8830000_8840000,0,11
sq0013_9640000_9650000,0,13
sq0013_10620000_10630000,0,5
sq0013_10690000_10700000,0,10
sq0013_10700000_10710000,0,11
sq0013_12530000_12540000,0,4
sq0013_12540000_12550000,0,5
sq0013_12550000_12560000,0,6
sq0013_12920000_12930000,0,9
sq0013_13440000_13450000,0,7
sq0013_13500000_13510000,0,3
sq0013_16030000_16040000,0,9
sq0013_16180000_16190000,0,5
sq0013_16190000_16200000,0,7
sq0013_16620000_16630000,0,5
sq0013_16940000_16950000,0,14
sq0013_17250000_17260000,0,8
sq0013_17860000_17870000,0,4
sq0013_17920000_17930000,0,5
sq0013_18030000_18040000,0,3
sq0013_18080000_18090000,0,8
sq0013_18290000_18300000,0,9
sq0013_18620000_18630000,0,7
sq0013_18630000_18640000,0,11
sq0013_19280000_19290000,0,10
sq0013_19450000_19460000,0,6
sq0013_19540000_19550000,0,10
sq0013_19800000_19810000,0,4
sq0013_19840000_19850000,0,6
sq0013_19850000_19860000,0,11
sq0013_20510000_20520000,0,8
sq0013_20610000_20620000,0,10
sq0013_20730000_20740000,0,1
sq0013_20780000_20790000,0,12
sq0013_20820000_20830000,0,10
sq0013_20840000_20850000,0,5
sq0013_20850000_20860000,0,6
sq0013_21300000_21310000,0,2
sq0013_22230000_22240000,0,3
sq0013_22280000_22290000,0,7
sq0013_22570000_22580000,0,3
sq0013_22660000_22670000,0,7
sq0013_22770000_22780000,0,6
sq0013_22900000_22910000,0,11
sq0013_22990000_23000000,0,8
sq0013_23090000_23100000,0,9
sq0013_23600000_23610000,0,8
sq0013_25630000_25640000,0,8
sq0013_25700000_25710000,0,5
sq0013_25770000_25780000,0,5
sq0013_26980000_26990000,0,9
sq0013_27010000_27020000,0,6
sq0013_27150000_27160000,0,1
sq0013_27230000_27240000,0,8
sq0013_27240000_27250000,0,7
sq0013_27690000_27700000,0,7
sq0013_27810000_27820000,0,5
sq0013_28250000_28260000,0,6
sq0013_28630000_28640000,0,5
sq0013_28650000_28660000,0,9
sq0013_28710000_28720000,0,7
sq0013_28720000_28730000,0,5
sq0013_28900000_28910000,0,13
sq0013_29200000_29210000,0,9
sq0013_29210000_29220000,0,2
sq0013_29230000_29240000,0,7
sq0013_29490000_29500000,0,9
sq0013_29500000_29510000,0,11
sq0013_29580000_29590000,0,7
sq0013_30320000_30330000,0,14
sq0013_30330000_30340000,0,12
sq0013_30430000_30440000,0,13
sq0013_30760000_30770000,0,7
sq0013_30940000_30950000,0,9
sq0013_31320000_31330000,0,10
sq0013_31340000_31350000,0,8
sq0013_31390000_31400000,0,10
sq0013_31420000_31430000,0,11
sq0013_31850000_31860000,0,12
sq0013_32350000_32360000,0,12
sq0013_32580000_32590000,0,5
sq0013_32660000_32670000,0,9
sq0014_60000_70000,0,4
sq0014_90000_100000,0,10
sq0014_110000_120000,0,11
sq0014_130000_140000,0,9
sq0014_160000_170000,0,8
sq0014_270000_280000,0,6
sq0014_280000_290000,0,11
sq0014_290000_300000,0,15
sq0014_300000_310000,0,11
sq0014_590000_600000,0,6
sq0014_620000_630000,0,4
sq0014_640000_650000,0,10
sq0014_730000_740000,0,8
sq0014_790000_800000,0,5
sq0014_800000_810000,0,4
sq0014_850000_860000,0,4
sq0014_870000_880000,0,8
sq0014_970000_980000,0,9
sq0014_1010000_1020000,0,5
sq0014_1020000_1030000,0,10
sq0014_1200000_1210000,0,9
sq0014_1220000_1230000,0,4
sq0014_1230000_1240000,0,9
sq0014_1920000_1930000,0,11
sq0014_3890000_3900000,0,4
sq0014_5460000_5470000,0,7
sq0014_8160000_8170000,0,10
sq0014_12250000_12260000,0,3
sq0014_14130000_14140000,0,6
sq0014_14170000_14180000,0,12
sq0014_14180000_14190000,0,13
sq0014_14380000_14390000,0,11
sq0014_14390000_14400000,0,8
sq0014_14550000_14560000,0,7
sq0014_14640000_14650000,0,7
sq0014_14930000_14940000,0,5
sq0014_14970000_14980000,0,9
sq0014_14990000_15000000,0,7
sq0014_15030000_15040000,0,8
sq0014_15150000_15160000,0,15
sq0014_15160000_15170000,0,12
sq0014_15220000_15230000,0,12
sq0014_15920000_15930000,0,12
sq0014_16320000_16330000,0,8
sq0014_16650000_16660000,0,8
sq0014_16870000_16880000,0,11
sq0014_16880000_16890000,0,7
sq0014_17040000_17050000,0,11
sq0014_17050000_17060000,0,2
sq0014_17560000_17570000,0,4
sq0014_18540000_18550000,0,6
sq0014_19380000_19390000,0,5
sq0014_19450000_19460000,0,14
sq0014_19460000_19470000,0,2
sq0014_20510000_20520000,0,8
sq0014_20760000_20770000,0,12
sq0014_21450000_21460000,0,4
sq0014_22040000_22050000,0,8
sq0014_22050000_22060000,0,8
sq0014_22090000_22100000,0,6
sq0014_22620000_22630000,0,11
sq0014_22780000_22790000,0,8
sq0014_23100000_23110000,0,3
sq0014_24370000_24380000,0,4
sq0014_25110000_25120000,0,1
sq0014_25220000_25230000,0,2
sq0014_25600000_25610000,0,5
sq0014_25990000_26000000,0,5
sq0014_26420000_26430000,0,9
sq0014_26550000_26560000,0,8
sq0014_26770000_26780000,0,8
sq0014_27780000_27790000,0,8
sq0014_29230000_29240000,0,12
sq0014_29420000_29430000,0,4
sq0014_29430000_29440000,0,5
sq0014_30040000_30050000,0,2
sq0014_30550000_30560000,0,6
sq0014_30560000_30570000,0,5
sq0014_30570000_30580000,0,5
sq0014_31340000_31350000,0,9
sq0014_31690000_31700000,0,5
sq0014_31710000_31720000,0,8
sq0014_31860000_31870000,0,11
sq0014_31930000_31940000,0,6
sq0014_33160000_33170000,0,9
sq0014_33440000_33450000,0,6
sq0014_33490000_33500000,0,3
sq0014_33520000_33530000,0,14
sq0014_33530000_33540000,0,8
sq0015_0_10000,0,5
sq0015_3450000_3460000,0,10
sq0015_3550000_3560000,0,9
sq0015_3680000_3690000,0,10
sq0015_3700000_3710000,0,12
sq0015_3710000_3720000,0,8
sq0015_3980000_3990000,0,6
sq0015_4030000_4040000,0,13
sq0015_4560000_4570000,0,6
sq0015_4580000_4590000,0,6
sq0015_4630000_4640000,0,4
sq0015_4660000_4670000,0,14
sq0015_4820000_4830000,0,8
sq0015_4890000_4900000,0,13
sq0015_5980000_5990000,0,8
sq0015_6230000_6240000,0,13
sq0015_7730000_7740000,0,12
sq0015_7780000_7790000,0,8
sq0015_7800000_7810000,0,13
sq0015_7860000_7870000,0,5
sq0015_8290000_8300000,0,8
sq0015_8380000_8390000,0,4
sq0015_8420000_8430000,0,9
sq0015_9240000_9250000,0,11
sq0015_9250000_9260000,0,12
sq0015_9260000_9270000,0,15
sq0015_9270000_9280000,0,15
sq0015_9300000_9310000,0,15
sq0015_9330000_9340000,0,15
sq0015_9350000_9360000,0,15
sq0015_9410000_9420000,0,14
sq0015_9420000_9430000,0,13
sq0015_9470000_9480000,0,3
sq0015_9720000_9730000,0,8
sq0015_9740000_9750000,0,8
sq0015_9890000_9900000,0,12
sq0015_10180000_10190000,0,3
sq0015_10470000_10480000,0,2
sq0015_10980000_10990000,0,5
sq0015_11760000_11770000,0,13
sq0015_11790000_11800000,0,6
sq0015_11980000_11990000,0,13
sq0015_12130000_12140000,0,6
sq0015_12690000_12700000,0,8
sq0015_12900000_12910000,0,10
sq0015_12910000_12920000,0,5
sq0015_12930000_12940000,0,10
sq0015_13040000_13050000,0,5
sq0015_13060000_13070000,0,9
sq0015_13130000_13140000,0,6
sq0015_13200000_13210000,0,7
sq0015_13330000_13340000,0,5
sq0015_13770000_13780000,0,10
sq0015_13800000_13810000,0,11
sq0015_14350000_14360000,0,11
sq0015_14400000_14410000,0,9
sq0015_15130000_15140000,0,12
sq0015_16290000_16300000,0,3
sq0015_16440000_16450000,0,9
sq0015_17360000_17370000,0,4
sq0015_17920000_17930000,0,12
sq0015_17960000_17970000,0,9
sq0015_18070000_18080000,0,5
sq0015_18620000_18630000,0,9
sq0015_18630000_18640000,0,7
sq0015_18730000_18740000,0,6
sq0015_18950000_18960000,0,9
sq0015_19140000_19150000,0,15
sq0015_19400000_19410000,0,2
sq0015_19870000_19880000,0,7
sq0015_20280000_20290000,0,7
sq0015_20320000_20330000,0,5
sq0015_20910000_20920000,0,11
sq0015_21000000_21010000,0,7
sq0015_21300000_21310000,0,4
sq0015_21390000_21400000,0,3
sq0015_21440000_21450000,0,16
sq0015_21600000_21610000,0,9
sq0015_21960000_21970000,0,6
sq0015_22180000_22190000,0,6
sq0015_22560000_22570000,0,13
sq0015_22730000_22740000,0,3
sq0015_22740000_22750000,0,6
sq0015_23000000_23010000,0,5
sq0015_23350000_23360000,0,3
sq0015_23950000_23960000,0,5
sq0015_24480000_24490000,0,6
sq0015_24680000_24690000,0,4
sq0015_24860000_24870000,0,12
sq0015_24930000_24940000,0,3
sq0015_28220000_28230000,0,6
sq0015_30700000_30710000,0,14
sq0015_31210000_31220000,0,4
sq0016_1210000_1220000,0,1
sq0016_1400000_1410000,0,8
sq0016_1410000_1420000,0,12
sq0016_1940000_1950000,0,5
sq0016_2450000_2460000,0,3
sq0016_2640000_2650000,0,6
sq0016_2660000_2670000,0,2
sq0016_3210000_3220000,0,6
sq0016_3690000_3700000,0,8
sq0016_4370000_4380000,0,4
sq0016_5170000_5180000,0,10
sq0016_5250000_5260000,0,7
sq0016_5680000_5690000,0,10
sq0016_6000000_6010000,0,13
sq0016_6090000_6100000,0,7
sq0016_6370000_6380000,0,5
sq0016_7020000_7030000,0,8
sq0016_7810000_7820000,0,12
sq0016_7820000_7830000,0,11
sq0016_8030000_8040000,0,5
sq0016_8140000_8150000,0,10
sq0016_8180000_8190000,0,2
sq0016_9270000_9280000,0,9
sq0016_9740000_9750000,0,1
sq0016_9920000_9930000,0,4
sq0016_10550000_10560000,0,9
sq0016_11260000_11270000,0,7
sq0016_11650000_11660000,0,1
sq0016_11850000_11860000,0,4
sq0016_11860000_11870000,0,13
sq0016_11880000_11890000,0,9
sq0016_11890000_11900000,0,6
sq0016_12130000_12140000,0,3
sq0016_12700000_12710000,0,8
sq0016_13360000_13370000,0,5
sq0016_13370000_13380000,0,7
sq0016_13670000_13680000,0,2
sq0016_13740000_13750000,0,4
sq0016_13800000_13810000,0,3
sq0016_13950000_13960000,0,6
sq0016_15410000_15420000,0,12
sq0016_15420000_15430000,0,7
sq0016_15520000_15530000,0,13
sq0016_15850000_15860000,0,7
sq0016_15860000_15870000,0,9
sq0016_17150000_17160000,0,10
sq0016_17790000_17800000,0,4
sq0016_18350000_18360000,0,10
sq0016_18810000_18820000,0,10
sq0016_18880000_18890000,0,7
sq0016_19360000_19370000,0,9
sq0016_19630000_19640000,0,6
sq0016_19670000_19680000,0,6
sq0016_19820000_19830000,0,5
sq0016_20140000_20150000,0,11
sq0016_20150000_20160000,0,12
sq0016_20170000_20180000,0,11
sq0016_20650000_20660000,0,9
sq0016_21010000_21020000,0,8
sq0016_21150000_21160000,0,12
sq0016_21160000_21170000,0,13
sq0016_21190000_21200000,0,9
sq0016_21200000_21210000,0,9
sq0016_21210000_21220000,0,13
sq0016_21320000_21330000,0,8
sq0016_21600000_21610000,0,9
sq0016_21610000_21620000,0,6
sq0016_21660000_21670000,0,10
sq0016_21840000_21850000,0,10
sq0016_21980000_21990000,0,2
sq0016_23380000_23390000,0,8
sq0016_23810000_23820000,0,12
sq0016_23820000_23830000,0,11
sq0016_23830000_23840000,0,12
sq0016_23840000_23850000,0,6
sq0016_24020000_24030000,0,13
sq0016_24030000_24040000,0,9
sq0016_24110000_24120000,0,2
sq0016_24170000_24180000,0,9
sq0016_24250000_24260000,0,5
sq0016_24270000_24280000,0,8
sq0016_24850000_24860000,0,7
sq0016_25710000_25720000,0,6
sq0016_25830000_25840000,0,2
sq0016_25850000_25860000,0,8
sq0016_25980000_25990000,0,6
sq0016_26620000_26630000,0,3
sq0016_26720000_26730000,0,9
sq0016_26730000_26740000,0,10
sq0016_26740000_26750000,0,1
sq0016_26760000_26770000,0,9
sq0016_26770000_26780000,0,3
sq0016_27340000_27350000,0,9
sq0016_27360000_27370000,0,10
sq0016_27440000_27450000,0,8
sq0016_27460000_27470000,0,5
sq0016_27490000_27500000,0,3
sq0016_27570000_27580000,0,6
sq0016_27760000_27770000,0,4
sq0016_28720000_28730000,0,15
sq0016_28780000_28790000,0,9
sq0016_29060000_29070000,0,4
sq0016_29790000_29800000,0,5
sq0016_29880000_29890000,0,5
sq0016_29910000_29920000,0,5
sq0016_29950000_29960000,0,6
sq0016_31430000_31440000,0,2
sq0016_35340000_35350000,0,12
sq0016_35570000_35580000,0,9
sq0017_320000_330000,0,4
sq0017_4160000_4170000,0,3
sq0017_4780000_4790000,0,1
sq0017_4870000_4880000,0,10
sq0017_4880000_4890000,0,10
sq0017_5500000_5510000,0,8
sq0017_5510000_5520000,0,3
sq0017_5730000_5740000,0,6
sq0017_5740000_5750000,0,8
sq0017_6950000_6960000,0,9
sq0017_7050000_7060000,0,2
sq0017_7490000_7500000,0,3
sq0017_7910000_7920000,0,14
sq0017_8390000_8400000,0,10
sq0017_8540000_8550000,0,6
sq0017_8550000_8560000,0,9
sq0017_9240000_9250000,0,7
sq0017_9260000_9270000,0,8
sq0017_9270000_9280000,0,7
sq0017_9410000_9420000,0,12
sq0017_9590000_9600000,0,6
sq0017_10000000_10010000,0,9
sq0017_10040000_10050000,0,6
sq0017_10130000_10140000,0,8
sq0017_10860000_10870000,0,2
sq0017_11080000_11090000,0,8
sq0017_11460000_11470000,0,8
sq0017_13430000_13440000,0,5
sq0017_14130000_14140000,0,11
sq0017_14350000_14360000,0,4
sq0017_15370000_15380000,0,8
sq0017_15580000_15590000,0,6
sq0017_15590000_15600000,0,8
sq0017_15890000_15900000,0,11
sq0017_16130000_16140000,0,3
sq0017_17290000_17300000,0,5
sq0017_18150000_18160000,0,2
sq0018_500000_510000,0,4
sq0018_520000_530000,0,6
sq0018_660000_670000,0,5
sq0018_840000_850000,0,5
sq0018_940000_950000,0,8
sq0018_1030000_1040000,0,6
sq0018_1060000_1070000,0,4
sq0018_1300000_1310000,0,7
sq0018_1310000_1320000,0,14
sq0018_1920000_1930000,0,3
sq0018_2550000_2560000,0,12
sq0018_2560000_2570000,0,12
sq0018_2930000_2940000,0,14
sq0018_3350000_3360000,0,10
sq0018_3430000_3440000,0,7
sq0018_3790000_3800000,0,5
sq0018_5410000_5420000,0,7
sq0018_5490000_5500000,0,8
sq0018_5730000_5740000,0,12
sq0018_5800000_5810000,0,3
sq0018_5810000_5820000,0,7
sq0018_5820000_5830000,0,5
sq0018_5830000_5840000,0,5
sq0018_5890000_5900000,0,10
sq0018_6610000_6620000,0,7
sq0018_7100000_7110000,0,7
sq0018_7220000_7230000,0,7
sq0018_7230000_7240000,0,4
sq0018_8090000_8100000,0,6
sq0018_8250000_8260000,0,8
sq0018_8260000_8270000,0,5
sq0018_8410000_8420000,0,6
sq0018_9230000_9240000,0,7
sq0018_9390000_9400000,0,15
sq0018_9850000_9860000,0,11
sq0018_10210000_10220000,0,5
sq0018_10230000_10240000,0,7
sq0018_10780000_10790000,0,10
sq0018_11190000_11200000,0,3
sq0018_11690000_11700000,0,4
sq0018_12160000_12170000,0,9
sq0018_12420000_12430000,0,5
sq0018_13390000_13400000,0,5
sq0018_13460000_13470000,0,4
sq0018_13620000_13630000,0,7
sq0018_13630000_13640000,0,6
sq0018_14090000_14100000,0,5
sq0018_14120000_14130000,0,7
sq0018_14130000_14140000,0,7
sq0018_14200000_14210000,0,7
sq0018_14450000_14460000,0,5
sq0018_14920000_14930000,0,6
sq0018_15280000_15290000,0,8
sq0018_15330000_15340000,0,14
sq0018_15370000_15380000,0,6
sq0018_15390000_15400000,0,9
sq0018_15410000_15420000,0,14
sq0018_15670000_15680000,0,4
sq0018_15770000_15780000,0,10
sq0018_15860000_15870000,0,4
sq0018_16560000_16570000,0,7
sq0018_17130000_17140000,0,5
sq0018_17390000_17400000,0,13
sq0018_17760000_17770000,0,13
sq0018_18310000_18320000,0,11
sq0018_18400000_18410000,0,8
sq0018_18730000_18740000,0,14
sq0018_19200000_19210000,0,5
sq0018_20050000_20060000,0,2
sq0018_20490000_20500000,0,10
sq0018_21250000_21260000,0,9
sq0018_21340000_21350000,0,3
sq0018_21690000_21700000,0,8
sq0018_21710000_21720000,0,5
sq0018_21750000_21760000,0,8
sq0018_21780000_21790000,0,6
sq0018_21930000_21940000,0,15
sq0018_21940000_21950000,0,15
sq0018_21950000_21960000,0,10
sq0018_22530000_22540000,0,8
sq0018_22600000_22610000,0,10
sq0018_22790000_22800000,0,6
sq0018_23490000_23500000,0,11
sq0018_23790000_23800000,0,7
sq0018_24040000_24050000,0,1
sq0018_24570000_24580000,0,11
sq0018_25180000_25190000,0,4
sq0018_25410000_25420000,0,7
sq0018_26440000_26450000,0,9
sq0018_26460000_26470000,0,2
sq0018_26620000_26630000,0,9
sq0018_27330000_27340000,0,3
sq0018_29000000_29010000,0,11
sq0018_29020000_29030000,0,8
sq0018_29030000_29040000,0,9
sq0018_30490000_30500000,0,5
sq0018_31260000_31270000,0,5
sq0018_31290000_31300000,0,10
sq0018_31320000_31330000,0,6
sq0019_3990000_4000000,0,15
sq0019_5630000_5640000,0,6
sq0019_6680000_6690000,0,16
sq0019_6850000_6860000,0,9
sq0019_7430000_7440000,0,8
sq0019_8110000_8120000,0,5
sq0019_8170000_8180000,0,11
sq0019_8600000_8610000,0,3
sq0019_8620000_8630000,0,14
sq0019_8680000_8690000,0,9
sq0019_8740000_8750000,0,9
sq0019_9190000_9200000,0,9
sq0019_9530000_9540000,0,8
sq0019_9640000_9650000,0,2
sq0019_9690000_9700000,0,12
sq0019_10300000_10310000,0,12
sq0019_10310000_10320000,0,4
sq0019_10320000_10330000,0,13
sq0019_11070000_11080000,0,5
sq0019_11490000_11500000,0,5
sq0019_11500000_11510000,0,6
sq0019_11760000_11770000,0,8
sq0019_12020000_12030000,0,2
sq0019_12070000_12080000,0,2
sq0019_12960000_12970000,0,9
sq0019_14400000_14410000,0,1
sq0019_14750000_14760000,0,7
sq0019_15150000_15160000,0,7
sq0019_15230000_15240000,0,7
sq0019_15370000_15380000,0,6
sq0019_15410000_15420000,0,9
sq0019_15430000_15440000,0,9
sq0019_15590000_15600000,0,7
sq0019_15690000_15700000,0,4
sq0019_15730000_15740000,0,5
sq0019_15790000_15800000,0,5
sq0019_17430000_17440000,0,8
sq0019_17640000_17650000,0,5
sq0019_18500000_18510000,0,10
sq0019_18530000_18540000,0,4
sq0019_18950000_18960000,0,10
sq0019_19150000_19160000,0,2
sq0019_19320000_19330000,0,11
sq0019_19460000_19470000,0,1
sq0019_20700000_20710000,0,10
sq0019_20970000_20980000,0,8
sq0019_21300000_21310000,0,10
sq0019_21320000_21330000,0,10
sq0019_24330000_24340000,0,5
sq0019_24920000_24930000,0,10
sq0019_25130000_25140000,0,9
sq0019_25360000_25370000,0,4
sq0019_26080000_26090000,0,7
sq0019_26560000_26570000,0,4
sq0019_27750000_27760000,0,2
sq0020_180000_190000,0,5
sq0020_1590000_1600000,0,6
sq0020_2810000_2820000,0,7
sq0020_2940000_2950000,0,5
sq0020_4270000_4280000,0,8
sq0020_5180000_5190000,0,1
sq0020_5270000_5280000,0,14
sq0020_7810000_7820000,0,7
sq0020_7880000_7890000,0,6
sq0020_8180000_8190000,0,5
sq0020_8200000_8210000,0,12
sq0020_8390000_8400000,0,11
sq0020_8420000_8430000,0,6
sq0020_8850000_8860000,0,6
sq0020_8970000_8980000,0,4
sq0020_10080000_10090000,0,9
sq0020_10280000_10290000,0,9
sq0020_11340000_11350000,0,4
sq0020_13070000_13080000,0,7
sq0020_15160000_15170000,0,8
sq0020_15230000_15240000,0,6
sq0020_15240000_15250000,0,6
sq0020_15260000_15270000,0,5
sq0020_15990000_16000000,0,13
sq0020_16250000_16260000,0,11
sq0020_16340000_16350000,0,1
sq0020_17010000_17020000,0,8
sq0020_17020000_17030000,0,10
sq0020_17380000_17390000,0,5
sq0020_18090000_18100000,0,12
sq0020_18360000_18370000,0,12
sq0020_18370000_18380000,0,5
sq0020_19740000_19750000,0,1
sq0020_19850000_19860000,0,8
sq0020_19880000_19890000,0,12
sq0020_19920000_19930000,0,3
sq0020_20720000_20730000,0,6
sq0020_21080000_21090000,0,3
sq0020_21120000_21130000,0,6
sq0020_21300000_21310000,0,5
sq0020_22500000_22510000,0,2
sq0020_22860000_22870000,0,7
sq0020_23670000_23680000,0,6
sq0020_23920000_23930000,0,3
sq0020_24010000_24020000,0,8
sq0020_24750000_24760000,0,8
sq0020_24980000_24990000,0,11
sq0020_25010000_25020000,0,6
sq0020_25080000_25090000,0,12
sq0020_25420000_25430000,0,8
sq0020_25660000_25670000,0,3
sq0020_27930000_27940000,0,7
sq0020_28080000_28090000,0,6
sq0020_28650000_28660000,0,9
sq0020_28770000_28780000,0,3
sq0020_28830000_28840000,0,1
sq0020_29450000_29460000,0,13
sq0021_830000_840000,0,8
sq0021_1160000_1170000,0,9
sq0021_1240000_1250000,0,15
sq0021_1250000_1260000,0,9
sq0021_1390000_1400000,0,7
sq0021_1710000_1720000,0,8
sq0021_1820000_1830000,0,12
sq0021_1900000_1910000,0,9
sq0021_2000000_2010000,0,13
sq0021_2320000_2330000,0,10
sq0021_2930000_2940000,0,9
sq0021_2960000_2970000,0,10
sq0021_3060000_3070000,0,4
sq0021_3100000_3110000,0,8
sq0021_4230000_4240000,0,11
sq0021_4250000_4260000,0,7
sq0021_4260000_4270000,0,8
sq0021_4570000_4580000,0,1
sq0021_4930000_4940000,0,9
sq0021_5530000_5540000,0,7
sq0021_6510000_6520000,0,8
sq0021_6930000_6940000,0,8
sq0021_9000000_9010000,0,4
sq0021_9290000_9300000,0,11
sq0021_10030000_10040000,0,15
sq0021_10340000_10350000,0,10
sq0021_10530000_10540000,0,1
sq0021_10610000_10620000,0,6
sq0021_11190000_11200000,0,4
sq0021_11230000_11240000,0,8
sq0021_11260000_11270000,0,7
sq0021_11280000_11290000,0,4
sq0021_11900000_11910000,0,15
sq0021_11910000_11920000,0,13
sq0021_11920000_11930000,0,11
sq0021_11930000_11940000,0,12
sq0021_11960000_11970000,0,11
sq0021_11970000_11980000,0,14
sq0021_11980000_11990000,0,10
sq0021_11990000_12000000,0,11
sq0021_12580000_12590000,0,4
sq0021_12830000_12840000,0,7
sq0021_13490000_13500000,0,8
sq0021_13500000_13510000,0,8
sq0021_13510000_13520000,0,8
sq0021_13610000_13620000,0,5
sq0021_14290000_14300000,0,8
sq0021_14390000_14400000,0,9
sq0021_14740000_14750000,0,2
sq0021_15040000_15050000,0,5
sq0021_15110000_15120000,0,14
sq0021_15140000_15150000,0,9
sq0021_15390000_15400000,0,6
sq0021_16050000_16060000,0,10
sq0021_16340000_16350000,0,10
sq0021_17410000_17420000,0,11
sq0021_18090000_18100000,0,5
sq0021_18560000_18570000,0,12
sq0021_18600000_18610000,0,12
sq0021_18920000_18930000,0,10
sq0021_19370000_19380000,0,6
sq0021_19710000_19720000,0,2
sq0021_19740000_19750000,0,11
sq0021_19870000_19880000,0,9
sq0021_20670000_20680000,0,5
sq0021_21090000_21100000,0,8
sq0021_21150000_21160000,0,9
sq0021_21420000_21430000,0,13
sq0021_21430000_21440000,0,12
sq0021_21990000_22000000,0,5
sq0021_22080000_22090000,0,10
sq0021_22380000_22390000,0,9
sq0021_23240000_23250000,0,12
sq0021_23250000_23260000,0,13
sq0021_23310000_23320000,0,15
sq0021_23860000_23870000,0,15
sq0022_1500000_1510000,0,2
sq0022_3080000_3090000,0,6
sq0022_3110000_3120000,0,13
sq0022_3130000_3140000,0,8
sq0022_3170000_3180000,0,6
sq0022_3180000_3190000,0,11
sq0022_3220000_3230000,0,10
sq0022_3230000_3240000,0,6
sq0022_3250000_3260000,0,7
sq0022_3460000_3470000,0,8
sq0022_3720000_3730000,0,4
sq0022_4640000_4650000,0,10
sq0022_4750000_4760000,0,12
sq0022_4800000_4810000,0,9
sq0022_5200000_5210000,0,4
sq0022_5360000_5370000,0,11
sq0022_5480000_5490000,0,3
sq0022_5500000_5510000,0,9
sq0022_5670000_5680000,0,13
sq0022_5690000_5700000,0,9
sq0022_5700000_5710000,0,6
sq0022_5950000_5960000,0,6
sq0022_6010000_6020000,0,5
sq0022_6060000_6070000,0,4
sq0022_6080000_6090000,0,4
sq0022_6190000_6200000,0,8
sq0022_6550000_6560000,0,7
sq0022_7290000_7300000,0,5
sq0022_7420000_7430000,0,10
sq0022_7470000_7480000,0,3
sq0022_7480000_7490000,0,2
sq0022_8290000_8300000,0,3
sq0022_9170000_9180000,0,3
sq0022_10560000_10570000,0,14
sq0022_10570000_10580000,0,13
sq0022_10630000_10640000,0,5
sq0022_11150000_11160000,0,9
sq0022_11210000_11220000,0,12
sq0022_11310000_11320000,0,9
sq0022_12060000_12070000,0,6
sq0022_12580000_12590000,0,11
sq0022_12710000_12720000,0,8
sq0022_13610000_13620000,0,7
sq0022_14490000_14500000,0,9
sq0022_14760000_14770000,0,2
sq0022_14810000_14820000,0,5
sq0022_14860000_14870000,0,5
sq0022_15040000_15050000,0,4
sq0022_15150000_15160000,0,2
sq0022_15260000_15270000,0,1
sq0022_15320000_15330000,0,11
sq0022_15630000_15640000,0,9
sq0022_15640000_15650000,0,9
sq0022_16050000_16060000,0,7
sq0022_16080000_16090000,0,4
sq0022_16260000_16270000,0,6
sq0022_16640000_16650000,0,9
sq0022_16720000_16730000,0,4
sq0022_16740000_16750000,0,5
sq0022_16770000_16780000,0,11
sq0022_16780000_16790000,0,5
sq0022_17060000_17070000,0,7
sq0022_17500000_17510000,0,2
sq0022_17550000_17560000,0,7
sq0022_18530000_18540000,0,11
sq0022_18550000_18560000,0,11
sq0022_18750000_18760000,0,4
sq0022_19230000_19240000,0,10
sq0022_19240000_19250000,0,7
sq0022_19250000_19260000,0,5
sq0022_19830000_19840000,0,13
sq0022_19880000_19890000,0,10
sq0022_19900000_19910000,0,7
sq0022_19950000_19960000,0,13
sq0022_20020000_20030000,0,8
sq0022_20050000_20060000,0,4
sq0022_20150000_20160000,0,12
sq0022_20160000_20170000,0,2
sq0022_20210000_20220000,0,9
sq0022_20240000_20250000,0,11
sq0022_20320000_20330000,0,10
sq0022_21620000_21630000,0,5
sq0022_21670000_21680000,0,9
sq0022_21690000_21700000,0,5
sq0022_22320000_22330000,0,14
sq0022_22550000_22560000,0,2
sq0022_23020000_23030000,0,4
sq0022_23580000_23590000,0,10
sq0022_23640000_23650000,0,13
sq0022_23670000_23680000,0,12
sq0022_24590000_24600000,0,5
sq0022_24720000_24730000,0,6
sq0022_24850000_24860000,0,6
sq0022_24970000_24980000,0,8
sq0022_25150000_25160000,0,5
sq0022_25390000_25400000,0,10
sq0022_28080000_28090000,0,2
sq0022_30680000_30690000,0,6
sq0022_31290000_31300000,0,9
sq0022_31510000_31520000,0,7
sq0022_33950000_33960000,0,5
